LEA NAME,AUN,NCES ID,County Name,County Number,Urban-centric Locale [District] ,Metro Micro Area Code
21ST CENTURY CYBER CS,124150002,4200091,Chester County,42029,21-Suburb: Large,1-Metropolitan Area
A W BEATTIE CAREER CENTER,103020407,4280010,Allegheny County,42003,21-Suburb: Large,1-Metropolitan Area
ABINGTON HEIGHTS SD,119350303,4202010,Lackawanna County,42069,41-Rural: Fringe,1-Metropolitan Area
ABINGTON SD,123460302,4202040,Montgomery County,42091,21-Suburb: Large,1-Metropolitan Area
ACHIEVEMENT HOUSE CS,125230001,4200128,Chester County,42029,21-Suburb: Large,1-Metropolitan Area
ACT ACADEMY CYBER CS,126514368,4200868,Philadelphia County,42101,11-City: Large,1-Metropolitan Area
AD PRIMA CS,126510015,4200129,Philadelphia County,42101,11-City: Large,1-Metropolitan Area
ADMIRAL PEARY AVTS,108110307,4280120,Cambria County,42021,31-Town: Fringe,1-Metropolitan Area
AGORA CYBER CS,126510020,4200140,Montgomery County,42091,21-Suburb: Large,1-Metropolitan Area
ALBERT GALLATIN AREA SD,101260303,4202100,Fayette County,42051,41-Rural: Fringe,1-Metropolitan Area
ALIQUIPPA SD,127040503,4202130,Beaver County,42007,21-Suburb: Large,1-Metropolitan Area
ALLEGHENY IU 3,103000000,4289130,Allegheny County,42003,21-Suburb: Large,1-Metropolitan Area
ALLEGHENY VALLEY SD,103020603,4202190,Allegheny County,42003,21-Suburb: Large,1-Metropolitan Area
ALLEGHENY-CLARION VALLEY SD,106160303,4202310,Clarion County,42031,43-Rural: Remote,0-New England (NECTA) or not reported
ALLENTOWN CITY SD,121390302,4202280,Lehigh County,42077,12-City: Mid-size,1-Metropolitan Area
ALLIANCE FOR PROGRESS CS,126512990,4200039,Philadelphia County,42101,11-City: Large,1-Metropolitan Area
ALTOONA AREA SD,108070502,4202340,Blair County,42013,13-City: Small,1-Metropolitan Area
AMBRIDGE AREA SD,127040703,4202440,Beaver County,42007,21-Suburb: Large,1-Metropolitan Area
ANNVILLE-CLEONA SD,113380303,4202490,Lebanon County,42075,23-Suburb: Small,1-Metropolitan Area
ANTIETAM SD,114060503,4202480,Berks County,42011,21-Suburb: Large,1-Metropolitan Area
ANTONIA PANTOJA COMMUNITY CHARTER SCHOOL,104510394,4200813,Philadelphia County,42101,11-City: Large,1-Metropolitan Area
APOLLO-RIDGE SD,128030603,4202550,Armstrong County,42005,41-Rural: Fringe,1-Metropolitan Area
APPALACHIA IU 8,108000000,4289180,Blair County,42013,13-City: Small,1-Metropolitan Area
ARIN IU 28,128000000,4289380,Indiana County,42063,41-Rural: Fringe,2-Micropolitan Area
ARMSTRONG SD,128030852,4202590,Armstrong County,42005,41-Rural: Fringe,1-Metropolitan Area
ARTS ACADEMY CS,121395927,4200860,Lehigh County,42077,21-Suburb: Large,1-Metropolitan Area
ARTS ACADEMY ELEMENTARY CHARTER SCHOOL,121399898,4200883,Lehigh County,42077,12-City: Mid-size,1-Metropolitan Area
ASPIRA BILINGUAL CYBER CHARTER SCHOOL,181519176,4200835,Philadelphia County,42101,11-City: Large,1-Metropolitan Area
ATHENS AREA SD,117080503,4202670,Bradford County,42015,32-Town: Distant,2-Micropolitan Area
AUSTIN AREA SD,109530304,4202700,Potter County,42105,42-Rural: Distant,0-New England (NECTA) or not reported
AVELLA AREA SD,101630504,4202760,Washington County,42125,42-Rural: Distant,1-Metropolitan Area
AVON GROVE CS,124150003,4200101,Chester County,42029,21-Suburb: Large,1-Metropolitan Area
AVON GROVE SD,124150503,4202790,Chester County,42029,21-Suburb: Large,1-Metropolitan Area
AVONWORTH SD,103020753,4202820,Allegheny County,42003,21-Suburb: Large,1-Metropolitan Area
BADEN ACADEMY CS,127046517,4200861,Beaver County,42007,21-Suburb: Large,1-Metropolitan Area
BALD EAGLE AREA SD,110141003,4202910,Centre County,42027,41-Rural: Fringe,1-Metropolitan Area
BALDWIN-WHITEHALL SD,103021102,4202970,Allegheny County,42003,21-Suburb: Large,1-Metropolitan Area
BANGOR AREA SD,120480803,4203000,Northampton County,42095,41-Rural: Fringe,1-Metropolitan Area
BEAR CREEK COMMUNITY CS,118400001,4200126,Luzerne County,42079,41-Rural: Fringe,1-Metropolitan Area
BEAVER AREA SD,127041203,4203120,Beaver County,42007,21-Suburb: Large,1-Metropolitan Area
BEAVER COUNTY CTC,127041307,4280500,Beaver County,42007,21-Suburb: Large,1-Metropolitan Area
BEAVER VALLEY IU 27,127000000,4289370,Beaver County,42007,21-Suburb: Large,1-Metropolitan Area
BEDFORD AREA SD,108051003,4203180,Bedford County,42009,32-Town: Distant,0-New England (NECTA) or not reported
BEDFORD COUNTY TECHNICAL CENTER,108051307,4200001,Bedford County,42009,41-Rural: Fringe,0-New England (NECTA) or not reported
BELLE VERNON AREA SD,107650603,4203210,Westmoreland County,42129,23-Suburb: Small,1-Metropolitan Area
BELLEFONTE AREA SD,110141103,4203240,Centre County,42027,31-Town: Fringe,1-Metropolitan Area
BELLWOOD-ANTIS SD,108071003,4203300,Blair County,42013,23-Suburb: Small,1-Metropolitan Area
BELMONT CHARTER SCHOOL,126510010,4200108,Philadelphia County,42101,11-City: Large,1-Metropolitan Area
BENSALEM TOWNSHIP SD,122091002,4203330,Bucks County,42017,21-Suburb: Large,1-Metropolitan Area
BENTON AREA SD,116191004,4203390,Columbia County,42037,42-Rural: Distant,1-Metropolitan Area
BENTWORTH SD,101630903,4203360,Washington County,42125,41-Rural: Fringe,1-Metropolitan Area
BERKS COUNTY IU 14,114000000,4289240,Berks County,42011,21-Suburb: Large,1-Metropolitan Area
BERKS CTC,114060557,4280060,Berks County,42011,41-Rural: Fringe,1-Metropolitan Area
BERLIN BROTHERSVALLEY SD,108561003,4203420,Somerset County,42111,42-Rural: Distant,2-Micropolitan Area
BERMUDIAN SPRINGS SD,112011103,4203450,Adams County,42001,41-Rural: Fringe,1-Metropolitan Area
BERWICK AREA SD,116191103,4203480,Luzerne County,42079,23-Suburb: Small,1-Metropolitan Area
BETHEL PARK SD,103021252,4203510,Allegheny County,42003,21-Suburb: Large,1-Metropolitan Area
BETHLEHEM AREA SD,120481002,4203570,Northampton County,42095,13-City: Small,1-Metropolitan Area
BETHLEHEM AVTS,120481107,4280370,Northampton County,42095,21-Suburb: Large,1-Metropolitan Area
BETHLEHEM-CENTER SD,101631003,4203600,Washington County,42125,41-Rural: Fringe,1-Metropolitan Area
BIG BEAVER FALLS AREA SD,127041503,4203630,Beaver County,42007,21-Suburb: Large,1-Metropolitan Area
BIG SPRING SD,115210503,4203660,Cumberland County,42041,42-Rural: Distant,1-Metropolitan Area
BLACKHAWK SD,127041603,4203688,Beaver County,42007,41-Rural: Fringe,1-Metropolitan Area
BLACKLICK VALLEY SD,108110603,4203690,Cambria County,42021,31-Town: Fringe,1-Metropolitan Area
BLAIRSVILLE-SALTSBURG SD,128321103,4203750,Indiana County,42063,41-Rural: Fringe,2-Micropolitan Area
BLAST IU 17,117000000,4289270,Lycoming County,42081,13-City: Small,1-Metropolitan Area
BLOOMSBURG AREA SD,116191203,4203840,Columbia County,42037,13-City: Small,1-Metropolitan Area
BLUE MOUNTAIN SD,129540803,4203870,Schuylkill County,42107,31-Town: Fringe,2-Micropolitan Area
BLUE RIDGE SD,119581003,4203900,Susquehanna County,42115,41-Rural: Fringe,0-New England (NECTA) or not reported
BOYERTOWN AREA SD,114060753,4203960,Berks County,42011,22-Suburb: Mid-size,1-Metropolitan Area
BOYS LATIN OF PHILADELPHIA CS,185515523,4200760,Philadelphia County,42101,11-City: Large,1-Metropolitan Area
BRADFORD AREA SD,109420803,4204020,McKean County,42083,33-Town: Remote,2-Micropolitan Area
BRANDYWINE HEIGHTS AREA SD,114060853,4204050,Berks County,42011,21-Suburb: Large,1-Metropolitan Area
BRENTWOOD BOROUGH SD,103021453,4204140,Allegheny County,42003,21-Suburb: Large,1-Metropolitan Area
BRISTOL BOROUGH SD,122091303,4204200,Bucks County,42017,21-Suburb: Large,1-Metropolitan Area
BRISTOL TOWNSHIP SD,122091352,4204230,Bucks County,42017,21-Suburb: Large,1-Metropolitan Area
BROCKWAY AREA SD,106330703,4204260,Jefferson County,42065,33-Town: Remote,0-New England (NECTA) or not reported
BROOKVILLE AREA SD,106330803,4204320,Jefferson County,42065,33-Town: Remote,0-New England (NECTA) or not reported
BROWNSVILLE AREA SD,101260803,4204080,Fayette County,42051,41-Rural: Fringe,1-Metropolitan Area
BRYN ATHYN SD,123460504,4204090,Montgomery County,42091,21-Suburb: Large,1-Metropolitan Area
BUCKS COUNTY IU 22,122000000,4289320,Bucks County,42017,21-Suburb: Large,1-Metropolitan Area
BUCKS COUNTY MONTESSORI CS,122093460,4200069,Bucks County,42017,21-Suburb: Large,1-Metropolitan Area
BUCKS COUNTY TECHNICAL HIGH SCHOOL,122091457,4280090,Bucks County,42017,21-Suburb: Large,1-Metropolitan Area
BURGETTSTOWN AREA SD,101631203,4204500,Washington County,42125,41-Rural: Fringe,1-Metropolitan Area
BURRELL SD,107650703,4204530,Westmoreland County,42129,21-Suburb: Large,1-Metropolitan Area
BUTLER AREA SD,104101252,4204590,Butler County,42019,31-Town: Fringe,1-Metropolitan Area
BUTLER COUNTY AVTS,104101307,4280520,Butler County,42019,31-Town: Fringe,1-Metropolitan Area
CALIFORNIA AREA SD,101631503,4204710,Washington County,42125,41-Rural: Fringe,1-Metropolitan Area
CAMBRIA HEIGHTS SD,108111203,4204740,Cambria County,42021,41-Rural: Fringe,1-Metropolitan Area
CAMERON COUNTY SD,109122703,4204830,Cameron County,42023,33-Town: Remote,0-New England (NECTA) or not reported
CAMP HILL SD,115211003,4204860,Cumberland County,42041,21-Suburb: Large,1-Metropolitan Area
CANON-MCMILLAN SD,101631703,4204890,Washington County,42125,21-Suburb: Large,1-Metropolitan Area
CANTON AREA SD,117081003,4204920,Bradford County,42015,42-Rural: Distant,2-Micropolitan Area
CAPITAL AREA IU 15,115000000,4289250,Cumberland County,42041,21-Suburb: Large,1-Metropolitan Area
CAPITAL AREA SCHOOL FOR THE ARTS CHARTER SCHOOL,115227010,4200876,Dauphin County,42043,13-City: Small,1-Metropolitan Area
CARBON CAREER & TECHNICAL INSTITUTE,121131507,4280130,Carbon County,42025,31-Town: Fringe,1-Metropolitan Area
CARBON-LEHIGH IU 21,121000000,4289310,Lehigh County,42077,21-Suburb: Large,1-Metropolitan Area
CARBONDALE AREA SD,119351303,4204980,Lackawanna County,42069,21-Suburb: Large,1-Metropolitan Area
CAREER INSTITUTE OF TECHNOLOGY,120483007,4280380,Northampton County,42095,41-Rural: Fringe,1-Metropolitan Area
CARLISLE AREA SD,115211103,4205010,Cumberland County,42041,13-City: Small,1-Metropolitan Area
CARLYNTON SD,103021603,4205040,Allegheny County,42003,21-Suburb: Large,1-Metropolitan Area
CARMICHAELS AREA SD,101301303,4205070,Greene County,42059,41-Rural: Fringe,0-New England (NECTA) or not reported
CATASAUQUA AREA SD,121391303,4205160,Lehigh County,42077,21-Suburb: Large,1-Metropolitan Area
CENTENNIAL SD,122092002,4205190,Bucks County,42017,21-Suburb: Large,1-Metropolitan Area
CENTER FOR STUDENT LEARNING CS AT PENNSBURY,122090001,4200100,Bucks County,42017,21-Suburb: Large,1-Metropolitan Area
CENTRAL BUCKS SD,122092102,4205310,Bucks County,42017,21-Suburb: Large,1-Metropolitan Area
CENTRAL CAMBRIA SD,108111303,4205340,Cambria County,42021,41-Rural: Fringe,1-Metropolitan Area
CENTRAL COLUMBIA SD,116191503,4205370,Columbia County,42037,23-Suburb: Small,1-Metropolitan Area
CENTRAL DAUPHIN SD,115221402,4205400,Dauphin County,42043,21-Suburb: Large,1-Metropolitan Area
CENTRAL FULTON SD,111291304,4214850,Fulton County,42057,42-Rural: Distant,0-New England (NECTA) or not reported
CENTRAL GREENE SD,101301403,4205430,Greene County,42059,32-Town: Distant,0-New England (NECTA) or not reported
CENTRAL IU 10,110000000,4289200,Clearfield County,42033,41-Rural: Fringe,2-Micropolitan Area
CENTRAL MONTCO TECHNICAL HIGH SCHOOL,123460957,4280330,Montgomery County,42091,21-Suburb: Large,1-Metropolitan Area
CENTRAL PA DIGITAL LEARNING FOUNDATION CS,108070001,4200095,Blair County,42013,23-Suburb: Small,1-Metropolitan Area
CENTRAL PA INSTITUTE OF SCIENCE & TECHNOLOGY,110141607,4280530,Centre County,42027,41-Rural: Fringe,1-Metropolitan Area
CENTRAL SUSQUEHANNA IU 16,116000000,4289260,Northumberland County,42097,41-Rural: Fringe,2-Micropolitan Area
CENTRAL VALLEY SD,127042003,4200824,Beaver County,42007,21-Suburb: Large,1-Metropolitan Area
CENTRAL WESTMORELAND CTC,107651207,4280470,Westmoreland County,42129,21-Suburb: Large,1-Metropolitan Area
CENTRAL YORK SD,112671303,4205490,York County,42133,22-Suburb: Mid-size,1-Metropolitan Area
CENTRE LEARNING COMMUNITY CS,110143060,4200023,Centre County,42027,23-Suburb: Small,1-Metropolitan Area
CHAMBERSBURG AREA SD,112281302,4205550,Franklin County,42055,13-City: Small,1-Metropolitan Area
CHARLEROI SD,101631803,4205640,Washington County,42125,41-Rural: Fringe,1-Metropolitan Area
CHARTER HIGH SCHOOL FOR ARCHITECTURE AND DESIGN,126513190,4200053,Philadelphia County,42101,11-City: Large,1-Metropolitan Area
CHARTIERS VALLEY SD,103021752,4205700,Allegheny County,42003,21-Suburb: Large,1-Metropolitan Area
CHARTIERS-HOUSTON SD,101631903,4205730,Washington County,42125,21-Suburb: Large,1-Metropolitan Area
CHELTENHAM SD,123461302,4205760,Montgomery County,42091,21-Suburb: Large,1-Metropolitan Area
CHESTER CO FAMILY ACADEMY CS,124152880,4200012,Chester County,42029,21-Suburb: Large,1-Metropolitan Area
CHESTER COMMUNITY CS,125232950,4200035,Delaware County,42045,21-Suburb: Large,1-Metropolitan Area
CHESTER COUNTY IU 24,124000000,4289340,Chester County,42029,21-Suburb: Large,1-Metropolitan Area
CHESTER COUNTY TECHNICAL COLLEGE HS,124151607,4202900,Chester County,42029,21-Suburb: Large,1-Metropolitan Area
CHESTER CS FOR THE ARTS,125236827,4200857,Delaware County,42045,21-Suburb: Large,1-Metropolitan Area
CHESTER-UPLAND SD,125231232,4205860,Delaware County,42045,21-Suburb: Large,1-Metropolitan Area
CHESTNUT RIDGE SD,108051503,4205880,Bedford County,42009,42-Rural: Distant,0-New England (NECTA) or not reported
CHICHESTER SD,125231303,4205910,Delaware County,42045,21-Suburb: Large,1-Metropolitan Area
CHRISTOPHER COLUMBUS CS,126513160,4200052,Philadelphia County,42101,11-City: Large,1-Metropolitan Area
CIRCLE OF SEASONS CHARTER SCHOOL,121394017,4200875,Lehigh County,42077,21-Suburb: Large,1-Metropolitan Area
CITY CHS,102020001,4200094,Allegheny County,42003,11-City: Large,1-Metropolitan Area
CITY OF ERIE REGIONAL CAREER & TECHNICAL SCHOOL,105252507,4200751,Erie County,42049,13-City: Small,1-Metropolitan Area
CLAIRTON CITY SD,103021903,4206030,Allegheny County,42003,21-Suburb: Large,1-Metropolitan Area
CLARION AREA SD,106161203,4206060,Clarion County,42031,33-Town: Remote,0-New England (NECTA) or not reported
CLARION COUNTY CAREER CENTER,106161357,4280150,Clarion County,42031,41-Rural: Fringe,0-New England (NECTA) or not reported
CLARION-LIMESTONE AREA SD,106161703,4206090,Clarion County,42031,41-Rural: Fringe,0-New England (NECTA) or not reported
CLAYSBURG-KIMMEL SD,108071504,4206120,Blair County,42013,41-Rural: Fringe,1-Metropolitan Area
CLEARFIELD AREA SD,110171003,4206150,Clearfield County,42033,41-Rural: Fringe,2-Micropolitan Area
CLEARFIELD COUNTY CTC,110171607,4280160,Clearfield County,42033,41-Rural: Fringe,2-Micropolitan Area
COATESVILLE AREA SD,124151902,4206240,Chester County,42029,21-Suburb: Large,1-Metropolitan Area
COCALICO SD,113361303,4206270,Lancaster County,42071,21-Suburb: Large,1-Metropolitan Area
COLLEGIUM CS,124153320,4200050,Chester County,42029,21-Suburb: Large,1-Metropolitan Area
COLONIAL IU 20,120000000,4289300,Northampton County,42095,21-Suburb: Large,1-Metropolitan Area
COLONIAL SD,123461602,4219470,Montgomery County,42091,21-Suburb: Large,1-Metropolitan Area
COLUMBIA BOROUGH SD,113361503,4206360,Lancaster County,42071,21-Suburb: Large,1-Metropolitan Area
COLUMBIA-MONTOUR AVTS,116191757,4206365,Columbia County,42037,23-Suburb: Small,1-Metropolitan Area
COMMODORE PERRY SD,104431304,4206390,Mercer County,42085,42-Rural: Distant,1-Metropolitan Area
COMMONWEALTH CHARTER ACADEMY CS,115220002,4200119,Dauphin County,42043,13-City: Small,1-Metropolitan Area
COMMUNITY ACADEMY OF PHILADELPHIA CS,126512840,4200013,Philadelphia County,42101,11-City: Large,1-Metropolitan Area
CONEMAUGH TOWNSHIP AREA SD,108561803,4206420,Somerset County,42111,41-Rural: Fringe,2-Micropolitan Area
CONEMAUGH VALLEY SD,108111403,4206430,Cambria County,42021,41-Rural: Fringe,1-Metropolitan Area
CONESTOGA VALLEY SD,113361703,4206480,Lancaster County,42071,21-Suburb: Large,1-Metropolitan Area
CONEWAGO VALLEY SD,112011603,4206550,Adams County,42001,23-Suburb: Small,1-Metropolitan Area
CONNEAUT SD,105201033,4206590,Crawford County,42039,42-Rural: Distant,2-Micropolitan Area
CONNELLSVILLE AREA CAREER & TECHNICAL CENTER,101266007,4280220,Fayette County,42051,41-Rural: Fringe,1-Metropolitan Area
CONNELLSVILLE AREA SD,101261302,4206660,Fayette County,42051,23-Suburb: Small,1-Metropolitan Area
CONRAD WEISER AREA SD,114061103,4206780,Berks County,42011,21-Suburb: Large,1-Metropolitan Area
CORNELL SD,103022103,4206810,Allegheny County,42003,21-Suburb: Large,1-Metropolitan Area
CORNWALL-LEBANON SD,113381303,4206840,Lebanon County,42075,23-Suburb: Small,1-Metropolitan Area
CORRY AREA SD,105251453,4206860,Erie County,42049,41-Rural: Fringe,1-Metropolitan Area
COUDERSPORT AREA SD,109531304,4206930,Potter County,42105,43-Rural: Remote,0-New England (NECTA) or not reported
COUNCIL ROCK SD,122092353,4206960,Bucks County,42017,21-Suburb: Large,1-Metropolitan Area
CRANBERRY AREA SD,106611303,4207050,Venango County,42121,41-Rural: Fringe,2-Micropolitan Area
CRAWFORD CENTRAL SD,105201352,4207080,Crawford County,42039,32-Town: Distant,2-Micropolitan Area
CRAWFORD COUNTY CTC,105201407,4280170,Crawford County,42039,32-Town: Distant,2-Micropolitan Area
CRESTWOOD SD,118401403,4205460,Luzerne County,42079,41-Rural: Fringe,1-Metropolitan Area
CRISPUS ATTUCKS CS,112673300,4200048,York County,42133,13-City: Small,1-Metropolitan Area
CTC OF LACKAWANNA COUNTY,119354207,4280260,Lackawanna County,42069,13-City: Small,1-Metropolitan Area
CUMBERLAND PERRY AVTS,115211657,4280180,Cumberland County,42041,41-Rural: Fringe,1-Metropolitan Area
CUMBERLAND VALLEY SD,115211603,4207110,Cumberland County,42041,21-Suburb: Large,1-Metropolitan Area
CURWENSVILLE AREA SD,110171803,4207140,Clearfield County,42033,32-Town: Distant,2-Micropolitan Area
DALLAS SD,118401603,4207200,Luzerne County,42079,21-Suburb: Large,1-Metropolitan Area
DALLASTOWN AREA SD,112671603,4207230,York County,42133,22-Suburb: Mid-size,1-Metropolitan Area
DANIEL BOONE AREA SD,114061503,4207290,Berks County,42011,22-Suburb: Mid-size,1-Metropolitan Area
DANVILLE AREA SD,116471803,4207320,Montour County,42093,23-Suburb: Small,1-Metropolitan Area
DANVILLE CTR ADOLESCENT FEMALE,116471111,4200049,Montour County,42093,23-Suburb: Small,1-Metropolitan Area
DAUPHIN COUNTY TECHNICAL SCHOOL,115221607,4207385,Dauphin County,42043,21-Suburb: Large,1-Metropolitan Area
DEEP ROOTS CHARTER SCHOOL,126516724,4200899,Philadelphia County,42101,11-City: Large,1-Metropolitan Area
DEER LAKES SD,103022253,4207540,Allegheny County,42003,21-Suburb: Large,1-Metropolitan Area
DELAWARE COUNTY IU 25,125000000,4289350,Delaware County,42045,21-Suburb: Large,1-Metropolitan Area
DELAWARE COUNTY TECHNICAL HIGH SCHOOL,125232407,4280200,Delaware County,42045,21-Suburb: Large,1-Metropolitan Area
DELAWARE VALLEY SD,120522003,4207530,Pike County,42103,32-Town: Distant,1-Metropolitan Area
DERRY AREA SD,107651603,4207560,Westmoreland County,42129,21-Suburb: Large,1-Metropolitan Area
DERRY TOWNSHIP SD,115221753,4207590,Dauphin County,42043,21-Suburb: Large,1-Metropolitan Area
DISCOVERY CHARTER SCHOOL,126510011,4200121,Philadelphia County,42101,11-City: Large,1-Metropolitan Area
DONEGAL SD,113362203,4207650,Lancaster County,42071,41-Rural: Fringe,1-Metropolitan Area
DOVER AREA SD,112671803,4207680,York County,42133,22-Suburb: Mid-size,1-Metropolitan Area
DOWNINGTOWN AREA SD,124152003,4207710,Chester County,42029,21-Suburb: Large,1-Metropolitan Area
DR ROBERT KETTERER CS INC,107653040,4200021,Westmoreland County,42129,21-Suburb: Large,1-Metropolitan Area
DUBOIS AREA SD,106172003,4207830,Clearfield County,42033,33-Town: Remote,2-Micropolitan Area
DUNMORE SD,119352203,4207980,Lackawanna County,42069,21-Suburb: Large,1-Metropolitan Area
DUQUESNE CITY SD,103022503,4208010,Allegheny County,42003,21-Suburb: Large,1-Metropolitan Area
EAST ALLEGHENY SD,103022803,4208060,Allegheny County,42003,21-Suburb: Large,1-Metropolitan Area
EAST LYCOMING SD,117412003,4208490,Lycoming County,42081,31-Town: Fringe,1-Metropolitan Area
EAST PENN SD,121392303,4208550,Lehigh County,42077,21-Suburb: Large,1-Metropolitan Area
EAST PENNSBORO AREA SD,115212503,4208580,Cumberland County,42041,21-Suburb: Large,1-Metropolitan Area
EAST STROUDSBURG AREA SD,120452003,4208670,Monroe County,42089,41-Rural: Fringe,1-Metropolitan Area
EASTERN CENTER FOR ARTS & TECHNOLOGY,123463507,4280340,Montgomery County,42091,21-Suburb: Large,1-Metropolitan Area
EASTERN LANCASTER COUNTY SD,113362303,4208820,Lancaster County,42071,21-Suburb: Large,1-Metropolitan Area
EASTERN LEBANON COUNTY SD,113382303,4208460,Lebanon County,42075,41-Rural: Fringe,1-Metropolitan Area
EASTERN UNIVERSITY ACADEMY CHARTER SCHOOL,177518712,4200822,Philadelphia County,42101,11-City: Large,1-Metropolitan Area
EASTERN WESTMORELAND CTC,107652207,4280480,Westmoreland County,42129,21-Suburb: Large,1-Metropolitan Area
EASTERN YORK SD,112672203,4208790,York County,42133,41-Rural: Fringe,1-Metropolitan Area
EASTON AREA SD,120483302,4208850,Northampton County,42095,21-Suburb: Large,1-Metropolitan Area
EASTON ARTS ACADEMY ELEMENTARY CS,120486892,4200897,Northampton County,42095,21-Suburb: Large,1-Metropolitan Area
ELIZABETH FORWARD SD,103023153,4209090,Allegheny County,42003,21-Suburb: Large,1-Metropolitan Area
ELIZABETHTOWN AREA SD,113362403,4209120,Lancaster County,42071,21-Suburb: Large,1-Metropolitan Area
ELK LAKE SD,119582503,4209150,Susquehanna County,42115,42-Rural: Distant,0-New England (NECTA) or not reported
ELLWOOD CITY AREA SD,104372003,4209240,Lawrence County,42073,31-Town: Fringe,2-Micropolitan Area
ENVIRONMENTAL CHARTER SCHOOL AT FRICK PARK,199025446,4200812,Allegheny County,42003,11-City: Large,1-Metropolitan Area
EPHRATA AREA SD,113362603,4209270,Lancaster County,42071,21-Suburb: Large,1-Metropolitan Area
ERIE CITY SD,105252602,4209300,Erie County,42049,13-City: Small,1-Metropolitan Area
ERIE COUNTY TECHNICAL SCHOOL,105252807,4280210,Erie County,42049,41-Rural: Fringe,1-Metropolitan Area
ERIE RISE LEADERSHIP ACADEMY CHARTER SCHOOL,105257512,4200854,Erie County,42049,13-City: Small,1-Metropolitan Area
ESPERANZA ACADEMY CHARTER SCHOOL,126513440,4200076,Philadelphia County,42101,11-City: Large,1-Metropolitan Area
ESPERANZA CYBER CS,126511563,4200858,Philadelphia County,42101,11-City: Large,1-Metropolitan Area
EUGENIO MARIA DE HOSTOS CS,126513100,4200043,Philadelphia County,42101,11-City: Large,1-Metropolitan Area
EVERETT AREA SD,108053003,4209360,Bedford County,42009,32-Town: Distant,0-New England (NECTA) or not reported
EVERGREEN COMMUNITY CS,120450003,4200749,Monroe County,42089,41-Rural: Fringe,1-Metropolitan Area
EXECUTIVE EDUCATION ACADEMY CHARTER SCHOOL,121398065,4200879,Lehigh County,42077,12-City: Mid-size,1-Metropolitan Area
EXETER TOWNSHIP SD,114062003,4209480,Berks County,42011,21-Suburb: Large,1-Metropolitan Area
FAIRFIELD AREA SD,112013054,4209540,Adams County,42001,41-Rural: Fringe,1-Metropolitan Area
FAIRVIEW SD,105253303,4209570,Erie County,42049,41-Rural: Fringe,1-Metropolitan Area
FANNETT-METAL SD,112282004,4209660,Franklin County,42055,42-Rural: Distant,1-Metropolitan Area
FARRELL AREA SD,104432503,4209690,Mercer County,42085,21-Suburb: Large,1-Metropolitan Area
FAYETTE COUNTY CAREER & TECHNICAL INSTITUTE,101262507,4280560,Fayette County,42051,23-Suburb: Small,1-Metropolitan Area
FELL CS,119350001,4200096,Lackawanna County,42069,21-Suburb: Large,1-Metropolitan Area
FERNDALE AREA SD,108112003,4209750,Cambria County,42021,23-Suburb: Small,1-Metropolitan Area
FIRST PHILADELPHIA PREPARATORY CHARTER SCHOOL,100510000,4200093,Philadelphia County,42101,11-City: Large,1-Metropolitan Area
FLEETWOOD AREA SD,114062503,4209780,Berks County,42011,21-Suburb: Large,1-Metropolitan Area
FOLK ARTS-CULTURAL TREASURES CS,126510021,4200141,Philadelphia County,42101,11-City: Large,1-Metropolitan Area
FORBES ROAD CTC,103023807,4280020,Allegheny County,42003,21-Suburb: Large,1-Metropolitan Area
FORBES ROAD SD,111292304,4209870,Fulton County,42057,42-Rural: Distant,0-New England (NECTA) or not reported
FOREST AREA SD,106272003,4208280,Forest County,42053,43-Rural: Remote,0-New England (NECTA) or not reported
FOREST CITY REGIONAL SD,119583003,4209930,Susquehanna County,42115,21-Suburb: Large,0-New England (NECTA) or not reported
FOREST HILLS SD,108112203,4209940,Cambria County,42021,41-Rural: Fringe,1-Metropolitan Area
FORT CHERRY SD,101632403,4209960,Washington County,42125,41-Rural: Fringe,1-Metropolitan Area
FORT LEBOEUF SD,105253553,4209990,Erie County,42049,42-Rural: Distant,1-Metropolitan Area
FOX CHAPEL AREA SD,103023912,4210070,Allegheny County,42003,21-Suburb: Large,1-Metropolitan Area
FRANKLIN AREA SD,106612203,4210200,Venango County,42121,41-Rural: Fringe,2-Micropolitan Area
FRANKLIN COUNTY CTC,112282307,4280230,Franklin County,42055,41-Rural: Fringe,1-Metropolitan Area
FRANKLIN REGIONAL SD,107652603,4210230,Westmoreland County,42129,21-Suburb: Large,1-Metropolitan Area
FRANKLIN TOWNE CHARTER ELEMENTARY SCHOOL,147513703,4200817,Philadelphia County,42101,11-City: Large,1-Metropolitan Area
FRANKLIN TOWNE CHS,126513450,4200077,Philadelphia County,42101,11-City: Large,1-Metropolitan Area
FRAZIER SD,101262903,4210350,Fayette County,42051,41-Rural: Fringe,1-Metropolitan Area
FREDERICK DOUGLASS MASTERY CHARTER SCHOOL,126518547,4200830,Philadelphia County,42101,11-City: Large,1-Metropolitan Area
FREEDOM AREA SD,127042853,4210380,Beaver County,42007,21-Suburb: Large,1-Metropolitan Area
FREEPORT AREA SD,128033053,4210440,Butler County,42019,41-Rural: Fringe,1-Metropolitan Area
FREIRE CS,126513270,4200060,Philadelphia County,42101,11-City: Large,1-Metropolitan Area
FULTON COUNTY AVTS,111292507,4200007,Fulton County,42057,42-Rural: Distant,0-New England (NECTA) or not reported
GALETON AREA SD,109532804,4210530,Potter County,42105,43-Rural: Remote,0-New England (NECTA) or not reported
GARNET VALLEY SD,125234103,4210590,Delaware County,42045,21-Suburb: Large,1-Metropolitan Area
GATEWAY SD,103024102,4210620,Allegheny County,42003,21-Suburb: Large,1-Metropolitan Area
GENERAL MCLANE SD,105253903,4210650,Erie County,42049,41-Rural: Fringe,1-Metropolitan Area
GETTYSBURG AREA SD,112013753,4210710,Adams County,42001,41-Rural: Fringe,1-Metropolitan Area
GETTYSBURG MONTESSORI CHARTER SCHOOL,197010542,4200836,Adams County,42001,41-Rural: Fringe,1-Metropolitan Area
GILLINGHAM CHARTER SCHOOL,129544907,4200841,Schuylkill County,42107,32-Town: Distant,2-Micropolitan Area
GIRARD SD,105254053,4210740,Erie County,42049,22-Suburb: Mid-size,1-Metropolitan Area
GLENDALE SD,110173003,4210830,Cambria County,42021,42-Rural: Distant,1-Metropolitan Area
GLOBAL LEADERSHIP ACADEMY CS,126513380,4200073,Philadelphia County,42101,11-City: Large,1-Metropolitan Area
GLOBAL LEADERSHIP ACADEMY CS SOUTHWEST AT HUEY,126518004,4200892,Philadelphia County,42101,11-City: Large,1-Metropolitan Area
GOVERNOR MIFFLIN SD,114063003,4210860,Berks County,42011,21-Suburb: Large,1-Metropolitan Area
GREAT VALLEY SD,124153503,4210870,Chester County,42029,21-Suburb: Large,1-Metropolitan Area
GREATER ALTOONA CTC,108070607,4280080,Blair County,42013,13-City: Small,1-Metropolitan Area
GREATER JOHNSTOWN CTC,108112607,4210970,Cambria County,42021,23-Suburb: Small,1-Metropolitan Area
GREATER JOHNSTOWN SD,108112502,4210950,Cambria County,42021,13-City: Small,1-Metropolitan Area
GREATER LATROBE SD,107653102,4210980,Westmoreland County,42129,21-Suburb: Large,1-Metropolitan Area
GREATER NANTICOKE AREA SD,118402603,4216290,Luzerne County,42079,21-Suburb: Large,1-Metropolitan Area
GREEN WOODS CS,126510005,4200104,Philadelphia County,42101,11-City: Large,1-Metropolitan Area
GREENCASTLE-ANTRIM SD,112283003,4211010,Franklin County,42055,22-Suburb: Mid-size,1-Metropolitan Area
GREENE COUNTY CTC,101302607,4280240,Greene County,42059,32-Town: Distant,0-New England (NECTA) or not reported
GREENSBURG SALEM SD,107653203,4210920,Westmoreland County,42129,21-Suburb: Large,1-Metropolitan Area
GREENVILLE AREA SD,104432803,4211160,Mercer County,42085,31-Town: Fringe,1-Metropolitan Area
GREENWOOD SD,115503004,4211190,Perry County,42099,42-Rural: Distant,1-Metropolitan Area
GROVE CITY AREA SD,104432903,4211220,Mercer County,42085,32-Town: Distant,1-Metropolitan Area
HALIFAX AREA SD,115222504,4211310,Dauphin County,42043,42-Rural: Distant,1-Metropolitan Area
HAMBURG AREA SD,114063503,4211340,Berks County,42011,21-Suburb: Large,1-Metropolitan Area
HAMPTON TOWNSHIP SD,103024603,4211400,Allegheny County,42003,21-Suburb: Large,1-Metropolitan Area
HANOVER AREA SD,118403003,4211420,Luzerne County,42079,21-Suburb: Large,1-Metropolitan Area
HANOVER PUBLIC SD,112672803,4211450,York County,42133,13-City: Small,1-Metropolitan Area
HARAMBEE INSTITUTE OF SCIENCE AND TECHNOLOGY CS,126512850,4200014,Philadelphia County,42101,11-City: Large,1-Metropolitan Area
HARBOR CREEK SD,105254353,4211490,Erie County,42049,22-Suburb: Mid-size,1-Metropolitan Area
HARMONY AREA SD,110173504,4211520,Clearfield County,42033,42-Rural: Distant,2-Micropolitan Area
HARRISBURG CITY SD,115222752,4211580,Dauphin County,42043,13-City: Small,1-Metropolitan Area
HATBORO-HORSHAM SD,123463603,4211610,Montgomery County,42091,21-Suburb: Large,1-Metropolitan Area
HAVERFORD TOWNSHIP SD,125234502,4211670,Delaware County,42045,21-Suburb: Large,1-Metropolitan Area
HAZLETON AREA CAREER CENTER,118403207,4280570,Luzerne County,42079,23-Suburb: Small,1-Metropolitan Area
HAZLETON AREA SD,118403302,4211700,Luzerne County,42079,23-Suburb: Small,1-Metropolitan Area
HEMPFIELD  SD,113363103,4211790,Lancaster County,42071,21-Suburb: Large,1-Metropolitan Area
HEMPFIELD AREA SD,107653802,4211760,Westmoreland County,42129,21-Suburb: Large,1-Metropolitan Area
HERMITAGE SD,104433303,4211820,Mercer County,42085,21-Suburb: Large,1-Metropolitan Area
HIGHLANDS SD,103024753,4211880,Allegheny County,42003,21-Suburb: Large,1-Metropolitan Area
HILL HOUSE PASSPORT ACADEMY CHARTER SCHOOL,102023217,4200882,Allegheny County,42003,11-City: Large,1-Metropolitan Area
HOLLIDAYSBURG AREA SD,108073503,4211940,Blair County,42013,23-Suburb: Small,1-Metropolitan Area
HOMER-CENTER SD,128323303,4213290,Indiana County,42063,32-Town: Distant,2-Micropolitan Area
HOPE FOR HYNDMAN CS,108057079,4200852,Bedford County,42009,42-Rural: Distant,0-New England (NECTA) or not reported
HOPEWELL AREA SD,127044103,4212030,Beaver County,42007,21-Suburb: Large,1-Metropolitan Area
HOWARD GARDNER MULTIPLE INTELLIGENCE CS,119355028,4200867,Lackawanna County,42069,41-Rural: Fringe,1-Metropolitan Area
HUNTINGDON AREA SD,111312503,4212090,Huntingdon County,42061,32-Town: Distant,2-Micropolitan Area
HUNTINGDON COUNTY CTC,111312607,4280250,Huntingdon County,42061,42-Rural: Distant,2-Micropolitan Area
I-LEAD CHARTER SCHOOL,114060392,4200848,Berks County,42011,13-City: Small,1-Metropolitan Area
IMHOTEP INSTITUTE CHS,126512980,4200038,Philadelphia County,42101,11-City: Large,1-Metropolitan Area
INDEPENDENCE CS,126513510,4200087,Philadelphia County,42101,11-City: Large,1-Metropolitan Area
INDEPENDENCE CS WEST,126512039,4200893,Philadelphia County,42101,11-City: Large,1-Metropolitan Area
INDIANA AREA SD,128323703,4212150,Indiana County,42063,32-Town: Distant,2-Micropolitan Area
INDIANA COUNTY TECHNOLOGY CENTER,128324207,4280660,Indiana County,42063,41-Rural: Fringe,2-Micropolitan Area
INFINITY CS,115220001,4200118,Dauphin County,42043,21-Suburb: Large,1-Metropolitan Area
INNOVATIVE ARTS ACADEMY CS,121395526,4200894,Lehigh County,42077,21-Suburb: Large,1-Metropolitan Area
INQUIRY CHARTER SCHOOL,126513070,4200042,Philadelphia County,42101,11-City: Large,1-Metropolitan Area
INSIGHT PA CYBER CS,124152637,4200898,Chester County,42029,21-Suburb: Large,1-Metropolitan Area
INTERBORO SD,125235103,4212170,Delaware County,42045,21-Suburb: Large,1-Metropolitan Area
INTERMEDIATE UNIT 1,101000000,4289110,Washington County,42125,41-Rural: Fringe,1-Metropolitan Area
IROQUOIS SD,105256553,4212210,Erie County,42049,22-Suburb: Mid-size,1-Metropolitan Area
JAMESTOWN AREA SD,104433604,4212300,Mercer County,42085,42-Rural: Distant,1-Metropolitan Area
JEANNETTE CITY SD,107654103,4212330,Westmoreland County,42129,21-Suburb: Large,1-Metropolitan Area
JEFFERSON COUNTY-DUBOIS AVTS,106333407,4212335,Jefferson County,42065,33-Town: Remote,0-New England (NECTA) or not reported
JEFFERSON-MORGAN SD,101303503,4212390,Greene County,42059,42-Rural: Distant,0-New England (NECTA) or not reported
JENKINTOWN SD,123463803,4212420,Montgomery County,42091,21-Suburb: Large,1-Metropolitan Area
JERSEY SHORE AREA SD,117414003,4212480,Lycoming County,42081,31-Town: Fringe,1-Metropolitan Area
JIM THORPE AREA SD,121135003,4212540,Carbon County,42025,31-Town: Fringe,1-Metropolitan Area
JOHN B STETSON CHARTER SCHOOL,133513315,4200839,Philadelphia County,42101,11-City: Large,1-Metropolitan Area
JOHNSONBURG AREA SD,109243503,4212570,Elk County,42047,42-Rural: Distant,2-Micropolitan Area
JUNIATA COUNTY SD,111343603,4212600,Juniata County,42067,32-Town: Distant,0-New England (NECTA) or not reported
JUNIATA VALLEY SD,111312804,4212630,Huntingdon County,42061,42-Rural: Distant,2-Micropolitan Area
KANE AREA SD,109422303,4212660,McKean County,42083,41-Rural: Fringe,2-Micropolitan Area
KARNS CITY AREA SD,104103603,4209600,Butler County,42019,42-Rural: Distant,1-Metropolitan Area
KENNETT CONSOLIDATED SD,124154003,4212690,Chester County,42029,21-Suburb: Large,1-Metropolitan Area
KEYSTONE  SD,106166503,4212720,Clarion County,42031,42-Rural: Distant,0-New England (NECTA) or not reported
KEYSTONE ACADEMY CHARTER SCHOOL,182514568,4200762,Philadelphia County,42101,11-City: Large,1-Metropolitan Area
KEYSTONE CENTRAL CTC,110183707,4280670,Clinton County,42035,41-Rural: Fringe,2-Micropolitan Area
KEYSTONE CENTRAL SD,110183602,4212725,Clinton County,42035,41-Rural: Fringe,2-Micropolitan Area
KEYSTONE EDUCATION CENTER CS,104432830,4200011,Mercer County,42085,41-Rural: Fringe,1-Metropolitan Area
KEYSTONE OAKS SD,103025002,4212750,Allegheny County,42003,21-Suburb: Large,1-Metropolitan Area
KHEPERA CS,126510017,4200131,Philadelphia County,42101,11-City: Large,1-Metropolitan Area
KIPP DUBOIS CHARTER SCHOOL,126514864,4200886,Philadelphia County,42101,11-City: Large,1-Metropolitan Area
KIPP NORTH PHILADELPHIA CS,126514059,4200901,Philadelphia County,42101,11-City: Large,1-Metropolitan Area
KIPP PHILADELPHIA CHARTER SCHOOL,126510013,4200122,Philadelphia County,42101,11-City: Large,1-Metropolitan Area
KIPP WEST PHILADELPHIA CS,126515492,4200888,Philadelphia County,42101,11-City: Large,1-Metropolitan Area
KIPP WEST PHILADELPHIA PREPARATORY CHARTER SCHOOL,172510793,4200815,Philadelphia County,42101,11-City: Large,1-Metropolitan Area
KISKI AREA SD,107654403,4212840,Westmoreland County,42129,21-Suburb: Large,1-Metropolitan Area
KUTZTOWN AREA SD,114064003,4212930,Berks County,42011,31-Town: Fringe,1-Metropolitan Area
LA ACADEMIA PARTNERSHIP CHARTER SCHOOL,113362940,4200026,Lancaster County,42071,13-City: Small,1-Metropolitan Area
LABORATORY CS,126513110,4200044,Philadelphia County,42101,11-City: Large,1-Metropolitan Area
LACKAWANNA TRAIL SD,119665003,4212990,Wyoming County,42131,21-Suburb: Large,1-Metropolitan Area
LAKE-LEHMAN SD,118403903,4213020,Luzerne County,42079,41-Rural: Fringe,1-Metropolitan Area
LAKELAND SD,119354603,4213050,Lackawanna County,42069,41-Rural: Fringe,1-Metropolitan Area
LAKEVIEW SD,104433903,4213080,Mercer County,42085,42-Rural: Distant,1-Metropolitan Area
LAMPETER-STRASBURG SD,113363603,4213110,Lancaster County,42071,21-Suburb: Large,1-Metropolitan Area
LANCASTER COUNTY CTC,113363807,4280270,Lancaster County,42071,41-Rural: Fringe,1-Metropolitan Area
LANCASTER SD,113364002,4213140,Lancaster County,42071,13-City: Small,1-Metropolitan Area
LANCASTER-LEBANON IU 13,113000000,4289230,Lancaster County,42071,13-City: Small,1-Metropolitan Area
LAUREL HIGHLANDS SD,101264003,4213320,Fayette County,42051,23-Suburb: Small,1-Metropolitan Area
LAUREL SD,104374003,4213380,Lawrence County,42073,41-Rural: Fringe,2-Micropolitan Area
LAWRENCE COUNTY CTC,104374207,4213390,Lawrence County,42073,31-Town: Fringe,2-Micropolitan Area
LEBANON COUNTY CTC,113384307,4280280,Lebanon County,42075,23-Suburb: Small,1-Metropolitan Area
LEBANON SD,113384603,4213440,Lebanon County,42075,13-City: Small,1-Metropolitan Area
LEECHBURG AREA SD,128034503,4213470,Armstrong County,42005,21-Suburb: Large,1-Metropolitan Area
LEHIGH CAREER & TECHNICAL INSTITUTE,121393007,4280290,Lehigh County,42077,21-Suburb: Large,1-Metropolitan Area
LEHIGH VALLEY ACADEMY REGIONAL CS,120480002,4200098,Northampton County,42095,21-Suburb: Large,1-Metropolitan Area
LEHIGH VALLEY CHARTER HIGH SCHOOL FOR THE ARTS,120483170,4200099,Northampton County,42095,13-City: Small,1-Metropolitan Area
LEHIGH VALLEY DUAL LANGUAGE CHARTER SCHOOL,139481451,4200832,Northampton County,42095,13-City: Small,1-Metropolitan Area
LEHIGHTON AREA SD,121135503,4213500,Carbon County,42025,21-Suburb: Large,1-Metropolitan Area
LENAPE TECH,128034607,4202600,Armstrong County,42005,41-Rural: Fringe,1-Metropolitan Area
LEWISBURG AREA SD,116604003,4213590,Union County,42119,32-Town: Distant,2-Micropolitan Area
LIGONIER VALLEY SD,107654903,4213710,Westmoreland County,42129,41-Rural: Fringe,1-Metropolitan Area
LINCOLN CS,112673500,4200065,York County,42133,13-City: Small,1-Metropolitan Area
LINCOLN IU 12,112000000,4289220,Adams County,42001,23-Suburb: Small,1-Metropolitan Area
LINCOLN LEADERSHIP ACADEMY CHARTER SCHOOL,175390169,4200819,Lehigh County,42077,12-City: Mid-size,1-Metropolitan Area
LINCOLN PARK PERFORMING ARTS CS,127040002,4200143,Beaver County,42007,31-Town: Fringe,1-Metropolitan Area
LINDLEY ACADEMY CS AT BIRNEY,126519476,4200850,Philadelphia County,42101,11-City: Large,1-Metropolitan Area
LINE MOUNTAIN SD,116493503,4214460,Northumberland County,42097,42-Rural: Distant,2-Micropolitan Area
LITTLESTOWN AREA SD,112015203,4213980,Adams County,42001,31-Town: Fringe,1-Metropolitan Area
LOWER DAUPHIN SD,115224003,4214100,Dauphin County,42043,21-Suburb: Large,1-Metropolitan Area
LOWER MERION SD,123464502,4214160,Montgomery County,42091,21-Suburb: Large,1-Metropolitan Area
LOWER MORELAND TOWNSHIP SD,123464603,4214190,Montgomery County,42091,21-Suburb: Large,1-Metropolitan Area
LOYALSOCK TOWNSHIP SD,117414203,4214310,Lycoming County,42081,23-Suburb: Small,1-Metropolitan Area
LOYSVILLE YOUTH DEV CTR,115509998,4209932,Perry County,42099,42-Rural: Distant,1-Metropolitan Area
LUZERNE IU 18,118000000,4289280,Luzerne County,42079,21-Suburb: Large,1-Metropolitan Area
LYCOMING CTC,117414807,4289393,Lycoming County,42081,31-Town: Fringe,1-Metropolitan Area
MAHANOY AREA SD,129544503,4214430,Schuylkill County,42107,32-Town: Distant,2-Micropolitan Area
MANCHESTER ACADEMIC CS,102023030,4200017,Allegheny County,42003,11-City: Large,1-Metropolitan Area
MANHEIM CENTRAL SD,113364403,4214550,Lancaster County,42071,21-Suburb: Large,1-Metropolitan Area
MANHEIM TOWNSHIP SD,113364503,4214580,Lancaster County,42071,21-Suburb: Large,1-Metropolitan Area
MARIANA BRACETTI ACADEMY CS,126513480,4200079,Philadelphia County,42101,11-City: Large,1-Metropolitan Area
MARION CENTER AREA SD,128325203,4214730,Indiana County,42063,42-Rural: Distant,2-Micropolitan Area
MARITIME ACADEMY CHARTER SCHOOL,126510014,4200123,Philadelphia County,42101,11-City: Large,1-Metropolitan Area
MARPLE NEWTOWN SD,125235502,4214760,Delaware County,42045,21-Suburb: Large,1-Metropolitan Area
MARS AREA SD,104105003,4214790,Butler County,42019,21-Suburb: Large,1-Metropolitan Area
MAST COMMUNITY CHARTER SCHOOL,126513150,4200051,Philadelphia County,42101,11-City: Large,1-Metropolitan Area
MAST COMMUNITY CS II,126513117,4200891,Philadelphia County,42101,11-City: Large,1-Metropolitan Area
MASTERY CHS - LENFEST CAMPUS,126510002,4200084,Philadelphia County,42101,11-City: Large,1-Metropolitan Area
MASTERY CS - CLEVELAND ELEMENTARY,126519644,4200862,Philadelphia County,42101,11-City: Large,1-Metropolitan Area
MASTERY CS - FRANCIS D. PASTORIUS ELEMENTARY,126518795,4200874,Philadelphia County,42101,11-City: Large,1-Metropolitan Area
MASTERY CS - HARDY WILLIAMS,126513290,4200062,Philadelphia County,42101,11-City: Large,1-Metropolitan Area
MASTERY CS JOHN WISTER ELEMENTARY,126518118,4200889,Philadelphia County,42101,11-City: Large,1-Metropolitan Area
MASTERY CS-CLYMER ELEMENTARY,126511748,4200840,Philadelphia County,42101,11-City: Large,1-Metropolitan Area
MASTERY CS-GRATZ CAMPUS,126513734,4200851,Philadelphia County,42101,11-City: Large,1-Metropolitan Area
MASTERY CS-HARRITY CAMPUS,126516457,4200828,Philadelphia County,42101,11-City: Large,1-Metropolitan Area
MASTERY CS-MANN CAMPUS,126519433,4200831,Philadelphia County,42101,11-City: Large,1-Metropolitan Area
MASTERY CS-PICKETT CAMPUS,151514721,4200761,Philadelphia County,42101,11-City: Large,1-Metropolitan Area
MASTERY CS-SHOEMAKER CAMPUS,126510022,4200145,Philadelphia County,42101,11-City: Large,1-Metropolitan Area
MASTERY CS-SMEDLEY CAMPUS,126517286,4200829,Philadelphia County,42101,11-City: Large,1-Metropolitan Area
MASTERY CS-THOMAS CAMPUS,126510023,4200144,Philadelphia County,42101,11-City: Large,1-Metropolitan Area
MASTERY PREP ELEMENTARY CS,126517643,4200900,Philadelphia County,42101,11-City: Large,1-Metropolitan Area
MATH CIVICS AND SCIENCES CS,126513230,4200056,Philadelphia County,42101,11-City: Large,1-Metropolitan Area
MCGUFFEY SD,101633903,4214880,Washington County,42125,41-Rural: Fringe,1-Metropolitan Area
MCKEESPORT AREA SD,103026002,4214940,Allegheny County,42003,21-Suburb: Large,1-Metropolitan Area
MCKEESPORT AREA TECH CTR,103026037,4280030,Allegheny County,42003,21-Suburb: Large,1-Metropolitan Area
MECHANICSBURG AREA SD,115216503,4215030,Cumberland County,42041,21-Suburb: Large,1-Metropolitan Area
MEMPHIS STREET ACADEMY CS @ JP JONES,126519392,4200870,Philadelphia County,42101,11-City: Large,1-Metropolitan Area
MERCER AREA SD,104435003,4215120,Mercer County,42085,31-Town: Fringe,1-Metropolitan Area
MERCER COUNTY CAREER CENTER,104435107,4280310,Mercer County,42085,41-Rural: Fringe,1-Metropolitan Area
METHACTON SD,123465303,4214250,Montgomery County,42091,21-Suburb: Large,1-Metropolitan Area
MEYERSDALE AREA SD,108565203,4215150,Somerset County,42111,41-Rural: Fringe,2-Micropolitan Area
MID VALLEY SD,119355503,4215170,Lackawanna County,42069,21-Suburb: Large,1-Metropolitan Area
MIDD-WEST SD,116555003,4215210,Snyder County,42109,41-Rural: Fringe,2-Micropolitan Area
MIDDLE BUCKS INSTITUTE OF TECHNOLOGY,122097007,4280100,Bucks County,42017,21-Suburb: Large,1-Metropolitan Area
MIDDLETOWN AREA SD,115226003,4215240,Dauphin County,42043,21-Suburb: Large,1-Metropolitan Area
MIDLAND BOROUGH SD,127045303,4215270,Beaver County,42007,31-Town: Fringe,1-Metropolitan Area
MIDWESTERN IU 4,104000000,4289140,Mercer County,42085,32-Town: Distant,1-Metropolitan Area
MIFFLIN COUNTY ACADEMY OF SCIENCE AND TECHNOLOGY,111444307,4200878,Mifflin County,42087,32-Town: Distant,2-Micropolitan Area
MIFFLIN COUNTY SD,111444602,4215290,Mifflin County,42087,32-Town: Distant,2-Micropolitan Area
MIFFLINBURG AREA SD,116605003,4226010,Union County,42119,32-Town: Distant,2-Micropolitan Area
MILLCREEK TOWNSHIP SD,105257602,4215330,Erie County,42049,22-Suburb: Mid-size,1-Metropolitan Area
MILLERSBURG AREA SD,115226103,4215360,Dauphin County,42043,32-Town: Distant,1-Metropolitan Area
MILLVILLE AREA SD,116195004,4215450,Columbia County,42037,42-Rural: Distant,1-Metropolitan Area
MILTON AREA SD,116495003,4215480,Northumberland County,42097,32-Town: Distant,2-Micropolitan Area
MINERSVILLE AREA SD,129544703,4215510,Schuylkill County,42107,32-Town: Distant,2-Micropolitan Area
MOHAWK AREA SD,104375003,4215540,Lawrence County,42073,41-Rural: Fringe,2-Micropolitan Area
MON VALLEY CTC,101634207,4280450,Washington County,42125,23-Suburb: Small,1-Metropolitan Area
MONESSEN CITY SD,107655803,4215600,Westmoreland County,42129,23-Suburb: Small,1-Metropolitan Area
MONITEAU SD,104105353,4217100,Butler County,42019,42-Rural: Distant,1-Metropolitan Area
MONROE CAREER & TECH INST,120454507,4280320,Monroe County,42089,23-Suburb: Small,1-Metropolitan Area
MONTESSORI REGIONAL CS,105250004,4200124,Erie County,42049,22-Suburb: Mid-size,1-Metropolitan Area
MONTGOMERY AREA SD,117415004,4215660,Lycoming County,42081,41-Rural: Fringe,1-Metropolitan Area
MONTGOMERY COUNTY IU 23,123000000,4289330,Montgomery County,42091,21-Suburb: Large,1-Metropolitan Area
MONTOUR SD,103026303,4215720,Allegheny County,42003,21-Suburb: Large,1-Metropolitan Area
MONTOURSVILLE AREA SD,117415103,4215750,Lycoming County,42081,23-Suburb: Small,1-Metropolitan Area
MONTROSE AREA SD,119584503,4215810,Susquehanna County,42115,42-Rural: Distant,0-New England (NECTA) or not reported
MOON AREA SD,103026343,4215830,Allegheny County,42003,21-Suburb: Large,1-Metropolitan Area
MORRISVILLE BOROUGH SD,122097203,4215900,Bucks County,42017,21-Suburb: Large,1-Metropolitan Area
MOSHANNON VALLEY SD,110175003,4215960,Clearfield County,42033,41-Rural: Fringe,2-Micropolitan Area
MOUNT CARMEL AREA SD,116495103,4215990,Northumberland County,42097,32-Town: Distant,2-Micropolitan Area
MOUNT PLEASANT AREA SD,107655903,4216170,Westmoreland County,42129,21-Suburb: Large,1-Metropolitan Area
MOUNT UNION AREA SD,111316003,4216020,Huntingdon County,42061,32-Town: Distant,2-Micropolitan Area
MOUNTAIN VIEW SD,119584603,4216050,Susquehanna County,42115,42-Rural: Distant,0-New England (NECTA) or not reported
MT LEBANON SD,103026402,4216110,Allegheny County,42003,21-Suburb: Large,1-Metropolitan Area
MUHLENBERG SD,114065503,4216200,Berks County,42011,21-Suburb: Large,1-Metropolitan Area
MULTICULTURAL ACADEMY CS,126513000,4200040,Philadelphia County,42101,11-City: Large,1-Metropolitan Area
MUNCY SD,117415303,4216230,Lycoming County,42081,31-Town: Fringe,1-Metropolitan Area
NAZARETH AREA SD,120484803,4216380,Northampton County,42095,21-Suburb: Large,1-Metropolitan Area
NESHAMINY SD,122097502,4216410,Bucks County,42017,21-Suburb: Large,1-Metropolitan Area
NESHANNOCK TOWNSHIP SD,104375203,4216440,Lawrence County,42073,41-Rural: Fringe,2-Micropolitan Area
NEW BRIGHTON AREA SD,127045653,4216530,Beaver County,42007,21-Suburb: Large,1-Metropolitan Area
NEW CASTLE AREA SD,104375302,4216620,Lawrence County,42073,31-Town: Fringe,2-Micropolitan Area
NEW DAY CHARTER SCHOOL,111440001,4200114,Huntingdon County,42061,32-Town: Distant,2-Micropolitan Area
NEW FOUNDATIONS CS,126513420,4200075,Philadelphia County,42101,11-City: Large,1-Metropolitan Area
NEW HOPE-SOLEBURY SD,122097604,4216860,Bucks County,42017,21-Suburb: Large,1-Metropolitan Area
NEW KENSINGTON-ARNOLD SD,107656303,4216740,Westmoreland County,42129,21-Suburb: Large,1-Metropolitan Area
NEWPORT SD,115504003,4216890,Perry County,42099,32-Town: Distant,1-Metropolitan Area
NITTANY VALLEY CS,110143120,4200024,Centre County,42027,13-City: Small,1-Metropolitan Area
NORRISTOWN AREA SD,123465602,4216980,Montgomery County,42091,21-Suburb: Large,1-Metropolitan Area
NORTH ALLEGHENY SD,103026852,4217010,Allegheny County,42003,21-Suburb: Large,1-Metropolitan Area
NORTH CENTRAL SECURE TRMNT UNT,116479998,4209933,Montour County,42093,23-Suburb: Small,1-Metropolitan Area
NORTH CLARION COUNTY SD,106167504,4217130,Clarion County,42031,43-Rural: Remote,0-New England (NECTA) or not reported
NORTH EAST SD,105258303,4217160,Erie County,42049,31-Town: Fringe,1-Metropolitan Area
NORTH HILLS SD,103026902,4217220,Allegheny County,42003,21-Suburb: Large,1-Metropolitan Area
NORTH MONTCO TECH CAREER CENTER,123465507,4280590,Montgomery County,42091,21-Suburb: Large,1-Metropolitan Area
NORTH PENN SD,123465702,4217280,Montgomery County,42091,21-Suburb: Large,1-Metropolitan Area
NORTH POCONO SD,119356503,4217310,Lackawanna County,42069,41-Rural: Fringe,1-Metropolitan Area
NORTH SCHUYLKILL SD,129545003,4210110,Schuylkill County,42107,41-Rural: Fringe,2-Micropolitan Area
NORTH STAR SD,108565503,4210115,Somerset County,42111,42-Rural: Distant,2-Micropolitan Area
NORTHAMPTON AREA SD,120484903,4217370,Northampton County,42095,21-Suburb: Large,1-Metropolitan Area
NORTHEAST BRADFORD SD,117083004,4217460,Bradford County,42015,42-Rural: Distant,2-Micropolitan Area
NORTHEASTERN EDUCATIONAL IU 19,119000000,4289290,Lackawanna County,42069,21-Suburb: Large,1-Metropolitan Area
NORTHEASTERN YORK SD,112674403,4217520,York County,42133,22-Suburb: Mid-size,1-Metropolitan Area
NORTHERN BEDFORD COUNTY SD,108056004,4217580,Bedford County,42009,42-Rural: Distant,0-New England (NECTA) or not reported
NORTHERN CAMBRIA SD,108114503,4217610,Cambria County,42021,32-Town: Distant,1-Metropolitan Area
NORTHERN LEBANON SD,113385003,4217640,Lebanon County,42075,41-Rural: Fringe,1-Metropolitan Area
NORTHERN LEHIGH SD,121394503,4217670,Lehigh County,42077,21-Suburb: Large,1-Metropolitan Area
NORTHERN POTTER SD,109535504,4217700,Potter County,42105,43-Rural: Remote,0-New England (NECTA) or not reported
NORTHERN TIER CAREER CENTER,117080607,4280510,Bradford County,42015,41-Rural: Fringe,2-Micropolitan Area
NORTHERN TIOGA SD,117596003,4217730,Tioga County,42117,42-Rural: Distant,0-New England (NECTA) or not reported
NORTHERN WESTMORELAND CTC,107656407,4280490,Westmoreland County,42129,21-Suburb: Large,1-Metropolitan Area
NORTHERN YORK COUNTY SD,115674603,4217760,York County,42133,41-Rural: Fringe,1-Metropolitan Area
NORTHGATE SD,103026873,4217770,Allegheny County,42003,21-Suburb: Large,1-Metropolitan Area
NORTHUMBERLAND COUNTY CTC,116495207,4280491,Northumberland County,42097,32-Town: Distant,2-Micropolitan Area
NORTHWEST AREA SD,118406003,4217790,Luzerne County,42079,42-Rural: Distant,1-Metropolitan Area
NORTHWEST TRI-COUNTY IU 5,105000000,4289150,Erie County,42049,31-Town: Fringe,1-Metropolitan Area
NORTHWESTERN  SD,105258503,4217880,Erie County,42049,31-Town: Fringe,1-Metropolitan Area
NORTHWESTERN LEHIGH SD,121394603,4217850,Lehigh County,42077,41-Rural: Fringe,1-Metropolitan Area
NORTHWOOD ACADEMY CS,126510019,4200139,Philadelphia County,42101,11-City: Large,1-Metropolitan Area
NORWIN SD,107656502,4217940,Westmoreland County,42129,21-Suburb: Large,1-Metropolitan Area
OCTORARA AREA SD,124156503,4218030,Chester County,42029,41-Rural: Fringe,1-Metropolitan Area
OIL CITY AREA SD,106616203,4218090,Venango County,42121,33-Town: Remote,2-Micropolitan Area
OLD FORGE SD,119356603,4218120,Lackawanna County,42069,21-Suburb: Large,1-Metropolitan Area
OLEY VALLEY SD,114066503,4218150,Berks County,42011,41-Rural: Fringe,1-Metropolitan Area
OLNEY CHARTER HIGH SCHOOL,126513452,4200843,Philadelphia County,42101,11-City: Large,1-Metropolitan Area
OSWAYO VALLEY SD,109537504,4218210,Potter County,42105,42-Rural: Distant,0-New England (NECTA) or not reported
OTTO-ELDRED SD,109426003,4218240,McKean County,42083,42-Rural: Distant,2-Micropolitan Area
OWEN J ROBERTS SD,124156603,4218270,Chester County,42029,41-Rural: Fringe,1-Metropolitan Area
OXFORD AREA SD,124156703,4218300,Chester County,42029,21-Suburb: Large,1-Metropolitan Area
PALISADES SD,122098003,4218330,Bucks County,42017,42-Rural: Distant,1-Metropolitan Area
PALMERTON AREA SD,121136503,4218360,Carbon County,42025,21-Suburb: Large,1-Metropolitan Area
PALMYRA AREA SD,113385303,4218390,Lebanon County,42075,21-Suburb: Large,1-Metropolitan Area
PAN AMERICAN ACADEMY CS,173515368,4200810,Philadelphia County,42101,11-City: Large,1-Metropolitan Area
PANTHER VALLEY SD,121136603,4218450,Carbon County,42025,41-Rural: Fringe,1-Metropolitan Area
PARKLAND SD,121395103,4218510,Lehigh County,42077,21-Suburb: Large,1-Metropolitan Area
PARKWAY WEST CTC,103027307,4280040,Allegheny County,42003,21-Suburb: Large,1-Metropolitan Area
PEN ARGYL AREA SD,120485603,4218570,Northampton County,42095,21-Suburb: Large,1-Metropolitan Area
PENN CAMBRIA SD,108116003,4213770,Cambria County,42021,31-Town: Fringe,1-Metropolitan Area
PENN HILLS CHARTER SCHOOL OF ENTREPRENEURSHIP,103022481,4200853,Allegheny County,42003,21-Suburb: Large,1-Metropolitan Area
PENN HILLS SD,103027352,4218590,Allegheny County,42003,21-Suburb: Large,1-Metropolitan Area
PENN MANOR SD,113365203,4218630,Lancaster County,42071,21-Suburb: Large,1-Metropolitan Area
PENN-DELCO SD,125236903,4218580,Delaware County,42045,21-Suburb: Large,1-Metropolitan Area
PENN-TRAFFORD SD,107657103,4218660,Westmoreland County,42129,21-Suburb: Large,1-Metropolitan Area
PENNCREST SD,105204703,4218740,Crawford County,42039,41-Rural: Fringe,2-Micropolitan Area
PENNRIDGE SD,122098103,4218750,Bucks County,42017,41-Rural: Fringe,1-Metropolitan Area
PENNS MANOR AREA SD,128326303,4218780,Indiana County,42063,42-Rural: Distant,2-Micropolitan Area
PENNS VALLEY AREA SD,110147003,4218810,Centre County,42027,42-Rural: Distant,1-Metropolitan Area
PENNSBURY SD,122098202,4218840,Bucks County,42017,21-Suburb: Large,1-Metropolitan Area
PENNSYLVANIA CYBER CS,127043430,4200071,Beaver County,42007,31-Town: Fringe,1-Metropolitan Area
PENNSYLVANIA DISTANCE LEARNING CS,115220003,4200125,Allegheny County,42003,21-Suburb: Large,1-Metropolitan Area
PENNSYLVANIA LEADERSHIP CHARTER SCHOOL,124150004,4200127,Chester County,42029,21-Suburb: Large,1-Metropolitan Area
PENNSYLVANIA VIRTUAL CS,123460001,4200088,Montgomery County,42091,21-Suburb: Large,1-Metropolitan Area
PEOPLE FOR PEOPLE CS,126510004,4200085,Philadelphia County,42101,11-City: Large,1-Metropolitan Area
PEQUEA VALLEY SD,113365303,4218900,Lancaster County,42071,41-Rural: Fringe,1-Metropolitan Area
PERKIOMEN VALLEY SD,123466103,4218930,Montgomery County,42091,21-Suburb: Large,1-Metropolitan Area
PERSEUS HOUSE CS OF EXCELLENCE,105250001,4200115,Erie County,42049,13-City: Small,1-Metropolitan Area
PETERS TOWNSHIP SD,101636503,4218960,Washington County,42125,21-Suburb: Large,1-Metropolitan Area
PHILADELPHIA ACADEMY CS,126513280,4200061,Philadelphia County,42101,11-City: Large,1-Metropolitan Area
PHILADELPHIA AVTS,126514007,4200750,Philadelphia County,42101,11-City: Large,1-Metropolitan Area
PHILADELPHIA CITY SD,126515001,4218990,Philadelphia County,42101,11-City: Large,1-Metropolitan Area
PHILADELPHIA ELECTRICAL & TECH CHS,126510009,4200107,Philadelphia County,42101,11-City: Large,1-Metropolitan Area
PHILADELPHIA IU 26,126000000,4200110,Philadelphia County,42101,11-City: Large,1-Metropolitan Area
PHILADELPHIA MONTESSORI CS,126510016,4200130,Philadelphia County,42101,11-City: Large,1-Metropolitan Area
PHILADELPHIA PERFORMING ARTS CS,126513400,4200074,Philadelphia County,42101,11-City: Large,1-Metropolitan Area
PHILIPSBURG-OSCEOLA AREA SD,110177003,4219020,Clearfield County,42033,32-Town: Distant,2-Micropolitan Area
PHOENIXVILLE AREA SD,124157203,4219050,Chester County,42029,21-Suburb: Large,1-Metropolitan Area
PINE GROVE AREA SD,129546003,4219140,Schuylkill County,42107,31-Town: Fringe,2-Micropolitan Area
PINE-RICHLAND SD,103021003,4202850,Allegheny County,42003,21-Suburb: Large,1-Metropolitan Area
PITTSBURGH AVTS,102025007,4200754,Allegheny County,42003,11-City: Large,1-Metropolitan Area
PITTSBURGH SD,102027451,4219170,Allegheny County,42003,11-City: Large,1-Metropolitan Area
PITTSBURGH-MT OLIVER IU 2,102000000,4200109,Allegheny County,42003,11-City: Large,1-Metropolitan Area
PITTSTON AREA SD,118406602,4219200,Luzerne County,42079,21-Suburb: Large,1-Metropolitan Area
PLEASANT VALLEY SD,120455203,4219290,Monroe County,42089,41-Rural: Fringe,1-Metropolitan Area
PLUM BOROUGH SD,103027503,4219350,Allegheny County,42003,21-Suburb: Large,1-Metropolitan Area
POCONO MOUNTAIN SD,120455403,4219500,Monroe County,42089,41-Rural: Fringe,1-Metropolitan Area
PORT ALLEGANY SD,109426303,4219530,McKean County,42083,43-Rural: Remote,2-Micropolitan Area
PORTAGE AREA SD,108116303,4219560,Cambria County,42021,41-Rural: Fringe,1-Metropolitan Area
POTTSGROVE SD,123466303,4219650,Montgomery County,42091,22-Suburb: Mid-size,1-Metropolitan Area
POTTSTOWN SD,123466403,4219680,Montgomery County,42091,22-Suburb: Mid-size,1-Metropolitan Area
POTTSVILLE AREA SD,129546103,4219710,Schuylkill County,42107,32-Town: Distant,2-Micropolitan Area
PREMIER ARTS AND SCIENCE CHARTER SCHOOL,115222343,4200873,Dauphin County,42043,13-City: Small,1-Metropolitan Area
PREPARATORY CS OF MATHEMATICS SCIENCE TECH AND CAREERS,126512960,4200036,Philadelphia County,42101,11-City: Large,1-Metropolitan Area
PROPEL CS - HAZELWOOD,103024952,4200880,Allegheny County,42003,11-City: Large,1-Metropolitan Area
PROPEL CS-BRADDOCK HILLS,160028259,4200833,Allegheny County,42003,21-Suburb: Large,1-Metropolitan Area
PROPEL CS-EAST,103020005,4200135,Allegheny County,42003,21-Suburb: Large,1-Metropolitan Area
PROPEL CS-HOMESTEAD,103020002,4200111,Allegheny County,42003,21-Suburb: Large,1-Metropolitan Area
PROPEL CS-MCKEESPORT,103020003,4200134,Allegheny County,42003,21-Suburb: Large,1-Metropolitan Area
PROPEL CS-MONTOUR,103020004,4200752,Allegheny County,42003,21-Suburb: Large,1-Metropolitan Area
PROPEL CS-NORTHSIDE,103028192,4200849,Allegheny County,42003,11-City: Large,1-Metropolitan Area
PROPEL CS-PITCAIRN,103024162,4200859,Allegheny County,42003,21-Suburb: Large,1-Metropolitan Area
PROVIDENT CS,102027560,4200890,Allegheny County,42003,11-City: Large,1-Metropolitan Area
PUNXSUTAWNEY AREA SD,106338003,4219800,Jefferson County,42065,33-Town: Remote,0-New England (NECTA) or not reported
PURCHASE LINE SD,128327303,4219830,Indiana County,42063,42-Rural: Distant,2-Micropolitan Area
QUAKER VALLEY SD,103027753,4219860,Allegheny County,42003,21-Suburb: Large,1-Metropolitan Area
QUAKERTOWN COMMUNITY SD,122098403,4219890,Bucks County,42017,21-Suburb: Large,1-Metropolitan Area
RADNOR TOWNSHIP SD,125237603,4219920,Delaware County,42045,21-Suburb: Large,1-Metropolitan Area
REACH CYBER CS,115227871,4200887,Dauphin County,42043,21-Suburb: Large,1-Metropolitan Area
READING MUHLENBERG CTC,114067107,4280070,Berks County,42011,21-Suburb: Large,1-Metropolitan Area
READING SD,114067002,4220040,Berks County,42011,13-City: Small,1-Metropolitan Area
RED LION AREA SD,112675503,4220100,York County,42133,22-Suburb: Mid-size,1-Metropolitan Area
REDBANK VALLEY SD,106168003,4220130,Clarion County,42031,43-Rural: Remote,0-New England (NECTA) or not reported
RENAISSANCE ACADEMY CS,124153350,4200067,Chester County,42029,21-Suburb: Large,1-Metropolitan Area
REYNOLDS SD,104435303,4220220,Mercer County,42085,31-Town: Fringe,1-Metropolitan Area
RICHARD ALLEN PREPARATORY CS,126510008,4200086,Philadelphia County,42101,11-City: Large,1-Metropolitan Area
RICHLAND SD,108116503,4220250,Cambria County,42021,23-Suburb: Small,1-Metropolitan Area
RIDGWAY AREA SD,109246003,4220310,Elk County,42047,33-Town: Remote,2-Micropolitan Area
RIDLEY SD,125237702,4220370,Delaware County,42045,21-Suburb: Large,1-Metropolitan Area
RINGGOLD SD,101637002,4220400,Washington County,42125,41-Rural: Fringe,1-Metropolitan Area
RIVERSIDE BEAVER COUNTY SD,127045853,4217430,Beaver County,42007,41-Rural: Fringe,1-Metropolitan Area
RIVERSIDE SD,119357003,4223250,Lackawanna County,42069,21-Suburb: Large,1-Metropolitan Area
RIVERVIEW IU 6,106000000,4289160,Clarion County,42031,41-Rural: Fringe,0-New England (NECTA) or not reported
RIVERVIEW SD,103028203,4220430,Allegheny County,42003,21-Suburb: Large,1-Metropolitan Area
ROBERT BENJAMIN WILEY COMMUNITY CS,105252920,4200020,Erie County,42049,13-City: Small,1-Metropolitan Area
ROBERTO CLEMENTE CS,121393330,4200068,Lehigh County,42077,12-City: Mid-size,1-Metropolitan Area
ROCHESTER AREA SD,127046903,4220460,Beaver County,42007,41-Rural: Fringe,1-Metropolitan Area
ROCKWOOD AREA SD,108566303,4220520,Somerset County,42111,42-Rural: Distant,2-Micropolitan Area
ROSE TREE MEDIA SD,125237903,4220550,Delaware County,42045,21-Suburb: Large,1-Metropolitan Area
RUSSELL BYERS CS,126510001,4200092,Philadelphia County,42101,11-City: Large,1-Metropolitan Area
SAINT CLAIR AREA SD,129546803,4222710,Schuylkill County,42107,32-Town: Distant,2-Micropolitan Area
SAINT MARYS AREA SD,109248003,4220640,Elk County,42047,41-Rural: Fringe,2-Micropolitan Area
SALISBURY TOWNSHIP SD,121395603,4220730,Lehigh County,42077,21-Suburb: Large,1-Metropolitan Area
SALISBURY-ELK LICK SD,108567004,4220760,Somerset County,42111,42-Rural: Distant,2-Micropolitan Area
SANKOFA FREEDOM ACADEMY CHARTER SCHOOL,114514135,4200816,Philadelphia County,42101,11-City: Large,1-Metropolitan Area
SAUCON VALLEY SD,120486003,4211730,Northampton County,42095,21-Suburb: Large,1-Metropolitan Area
SAYRE AREA SD,117086003,4220850,Bradford County,42015,32-Town: Distant,2-Micropolitan Area
SCHOOL LANE CS,122093140,4200030,Bucks County,42017,21-Suburb: Large,1-Metropolitan Area
SCHUYLKILL HAVEN AREA SD,129547303,4220910,Schuylkill County,42107,32-Town: Distant,2-Micropolitan Area
SCHUYLKILL IU 29,129000000,4289390,Schuylkill County,42107,32-Town: Distant,2-Micropolitan Area
SCHUYLKILL TECHNOLOGY CENTERS,129546907,4280620,Schuylkill County,42107,41-Rural: Fringe,2-Micropolitan Area
SCHUYLKILL VALLEY SD,114067503,4220970,Berks County,42011,21-Suburb: Large,1-Metropolitan Area
SCRANTON SD,119357402,4221090,Lackawanna County,42069,13-City: Small,1-Metropolitan Area
SELINSGROVE AREA SD,116557103,4221120,Snyder County,42109,32-Town: Distant,2-Micropolitan Area
SENECA HIGHLANDS CAREER AND TECHNICAL CENTER,109420107,4280630,McKean County,42083,43-Rural: Remote,2-Micropolitan Area
SENECA HIGHLANDS IU 9,109000000,4289190,McKean County,42083,43-Rural: Remote,2-Micropolitan Area
SENECA VALLEY SD,104107903,4222440,Butler County,42019,21-Suburb: Large,1-Metropolitan Area
SEVEN GENERATIONS CHARTER SCHOOL,188392660,4200818,Lehigh County,42077,21-Suburb: Large,1-Metropolitan Area
SHADE-CENTRAL CITY SD,108567204,4221180,Somerset County,42111,42-Rural: Distant,2-Micropolitan Area
SHALER AREA SD,103028302,4221200,Allegheny County,42003,21-Suburb: Large,1-Metropolitan Area
SHAMOKIN AREA SD,116496503,4221240,Northumberland County,42097,32-Town: Distant,2-Micropolitan Area
SHANKSVILLE-STONYCREEK SD,108567404,4221270,Somerset County,42111,42-Rural: Distant,2-Micropolitan Area
SHARON CITY SD,104435603,4221330,Mercer County,42085,21-Suburb: Large,1-Metropolitan Area
SHARPSVILLE AREA SD,104435703,4221420,Mercer County,42085,21-Suburb: Large,1-Metropolitan Area
SHENANDOAH VALLEY SD,129547203,4221490,Schuylkill County,42107,32-Town: Distant,2-Micropolitan Area
SHENANGO AREA SD,104376203,4221510,Lawrence County,42073,31-Town: Fringe,2-Micropolitan Area
SHIKELLAMY SD,116496603,4221540,Northumberland County,42097,32-Town: Distant,2-Micropolitan Area
SHIPPENSBURG AREA SD,115218003,4221570,Franklin County,42055,31-Town: Fringe,1-Metropolitan Area
SLIPPERY ROCK AREA SD,104107503,4221660,Butler County,42019,32-Town: Distant,1-Metropolitan Area
SMETHPORT AREA SD,109427503,4221690,McKean County,42083,43-Rural: Remote,2-Micropolitan Area
SOLANCO SD,113367003,4221810,Lancaster County,42071,41-Rural: Fringe,1-Metropolitan Area
SOMERSET AREA SD,108567703,4221840,Somerset County,42111,32-Town: Distant,2-Micropolitan Area
SOMERSET COUNTY TECHNOLOGY CENTER,108567807,4280400,Somerset County,42111,41-Rural: Fringe,2-Micropolitan Area
SOUDERTON AREA SD,123467103,4221870,Montgomery County,42091,21-Suburb: Large,1-Metropolitan Area
SOUDERTON CS COLLABORATIVE,123463370,4200070,Montgomery County,42091,21-Suburb: Large,1-Metropolitan Area
SOUTH ALLEGHENY SD,103028653,4221910,Allegheny County,42003,21-Suburb: Large,1-Metropolitan Area
SOUTH BUTLER COUNTY SD,104107803,4221930,Butler County,42019,41-Rural: Fringe,1-Metropolitan Area
SOUTH EASTERN SD,112676203,4222170,York County,42133,42-Rural: Distant,1-Metropolitan Area
SOUTH FAYETTE TOWNSHIP SD,103028703,4220580,Allegheny County,42003,21-Suburb: Large,1-Metropolitan Area
SOUTH MIDDLETON SD,115218303,4222050,Cumberland County,42041,21-Suburb: Large,1-Metropolitan Area
SOUTH MOUNTAIN SECURE TRMNT UNIT,112289998,4200025,Franklin County,42055,41-Rural: Fringe,1-Metropolitan Area
SOUTH PARK SD,103028753,4222060,Allegheny County,42003,21-Suburb: Large,1-Metropolitan Area
SOUTH SIDE AREA SD,127047404,4222230,Beaver County,42007,42-Rural: Distant,1-Metropolitan Area
SOUTH WESTERN SD,112676403,4222470,York County,42133,23-Suburb: Small,1-Metropolitan Area
SOUTH WILLIAMSPORT AREA SD,117416103,4222140,Lycoming County,42081,23-Suburb: Small,1-Metropolitan Area
SOUTHEAST DELCO SD,125238402,4222400,Delaware County,42045,21-Suburb: Large,1-Metropolitan Area
SOUTHEASTERN GREENE SD,101306503,4222200,Greene County,42059,42-Rural: Distant,0-New England (NECTA) or not reported
SOUTHERN COLUMBIA AREA SD,116197503,4222260,Columbia County,42037,41-Rural: Fringe,1-Metropolitan Area
SOUTHERN FULTON SD,111297504,4222290,Fulton County,42057,42-Rural: Distant,0-New England (NECTA) or not reported
SOUTHERN HUNTINGDON COUNTY SD,111317503,4222320,Huntingdon County,42061,42-Rural: Distant,2-Micropolitan Area
SOUTHERN LEHIGH SD,121395703,4222350,Lehigh County,42077,21-Suburb: Large,1-Metropolitan Area
SOUTHERN TIOGA SD,117597003,4222370,Tioga County,42117,32-Town: Distant,0-New England (NECTA) or not reported
SOUTHERN YORK COUNTY SD,112676503,4222380,York County,42133,41-Rural: Fringe,1-Metropolitan Area
SOUTHMORELAND SD,107657503,4222410,Westmoreland County,42129,21-Suburb: Large,1-Metropolitan Area
SOUTHWEST LEADERSHIP ACADEMY CS,108515107,4200758,Philadelphia County,42101,11-City: Large,1-Metropolitan Area
SPECTRUM CS,103023410,4200064,Allegheny County,42003,21-Suburb: Large,1-Metropolitan Area
SPRING COVE SD,108077503,4222530,Blair County,42013,31-Town: Fringe,1-Metropolitan Area
SPRING GROVE AREA SD,112676703,4222590,York County,42133,22-Suburb: Mid-size,1-Metropolitan Area
SPRING-FORD AREA SD,123467303,4222560,Montgomery County,42091,21-Suburb: Large,1-Metropolitan Area
SPRINGFIELD SD,125238502,4222600,Delaware County,42045,21-Suburb: Large,1-Metropolitan Area
SPRINGFIELD TOWNSHIP SD,123467203,4222620,Montgomery County,42091,21-Suburb: Large,1-Metropolitan Area
STATE COLLEGE AREA SD,110148002,4222770,Centre County,42027,13-City: Small,1-Metropolitan Area
STEEL CENTER FOR CAREER AND TECHNICAL EDUCATION,103028807,4280050,Allegheny County,42003,21-Suburb: Large,1-Metropolitan Area
STEEL VALLEY SD,103028833,4222790,Allegheny County,42003,21-Suburb: Large,1-Metropolitan Area
STEELTON-HIGHSPIRE SD,115228003,4222800,Dauphin County,42043,21-Suburb: Large,1-Metropolitan Area
STO-ROX SD,103028853,4222830,Allegheny County,42003,21-Suburb: Large,1-Metropolitan Area
STONE VALLEY COMMUNITY CS,111315438,4200844,Huntingdon County,42061,42-Rural: Distant,2-Micropolitan Area
STROUDSBURG AREA SD,120456003,4222860,Monroe County,42089,23-Suburb: Small,1-Metropolitan Area
SUGAR VALLEY RURAL CS,101833400,4200063,Clinton County,42035,42-Rural: Distant,2-Micropolitan Area
SULLIVAN COUNTY SD,117576303,4222920,Sullivan County,42113,42-Rural: Distant,0-New England (NECTA) or not reported
SUN AREA TECHNICAL INSTITUTE,116606707,4280420,Union County,42119,42-Rural: Distant,2-Micropolitan Area
SUSQ-CYBER CS,116493130,4200028,Columbia County,42037,13-City: Small,1-Metropolitan Area
SUSQUEHANNA COMMUNITY SD,119586503,4222980,Susquehanna County,42115,31-Town: Fringe,0-New England (NECTA) or not reported
SUSQUEHANNA COUNTY CTC,119584707,4200003,Susquehanna County,42115,42-Rural: Distant,0-New England (NECTA) or not reported
SUSQUEHANNA TOWNSHIP SD,115228303,4223010,Dauphin County,42043,21-Suburb: Large,1-Metropolitan Area
SUSQUENITA SD,115506003,4223040,Perry County,42099,21-Suburb: Large,1-Metropolitan Area
SYLVAN HEIGHTS SCIENCE CS,115223050,4200027,Dauphin County,42043,13-City: Small,1-Metropolitan Area
TACONY ACADEMY CHARTER SCHOOL,192518422,4200821,Philadelphia County,42101,11-City: Large,1-Metropolitan Area
TAMAQUA AREA SD,129547603,4223220,Schuylkill County,42107,41-Rural: Fringe,2-Micropolitan Area
TECH FREIRE CS,126511530,4200895,Philadelphia County,42101,11-City: Large,1-Metropolitan Area
THE NEW ACADEMY CS,102020003,4200133,Allegheny County,42003,11-City: Large,1-Metropolitan Area
THE PHILADELPHIA CS FOR ARTS AND SCIENCES AT HR EDMUNDS,126515691,4200863,Philadelphia County,42101,11-City: Large,1-Metropolitan Area
TIDIOUTE COMMUNITY CS,105620001,4200136,Warren County,42123,42-Rural: Distant,2-Micropolitan Area
TITUSVILLE AREA SD,106617203,4223490,Crawford County,42039,32-Town: Distant,2-Micropolitan Area
TOWANDA AREA SD,117086503,4223550,Bradford County,42015,32-Town: Distant,2-Micropolitan Area
TREDYFFRIN-EASTTOWN SD,124157802,4223640,Chester County,42029,21-Suburb: Large,1-Metropolitan Area
TRI-VALLEY SD,129547803,4223700,Schuylkill County,42107,42-Rural: Distant,2-Micropolitan Area
TRINITY AREA SD,101638003,4223760,Washington County,42125,21-Suburb: Large,1-Metropolitan Area
TROY AREA SD,117086653,4223790,Bradford County,42015,42-Rural: Distant,2-Micropolitan Area
TULPEHOCKEN AREA SD,114068003,4223820,Berks County,42011,42-Rural: Distant,1-Metropolitan Area
TUNKHANNOCK AREA SD,118667503,4223850,Wyoming County,42131,31-Town: Fringe,1-Metropolitan Area
TURKEYFOOT VALLEY AREA SD,108568404,4223880,Somerset County,42111,42-Rural: Distant,2-Micropolitan Area
TUSCARORA IU 11,111000000,4289210,Mifflin County,42087,42-Rural: Distant,2-Micropolitan Area
TUSCARORA SD,112286003,4222740,Franklin County,42055,42-Rural: Distant,1-Metropolitan Area
TUSSEY MOUNTAIN SD,108058003,4223970,Bedford County,42009,42-Rural: Distant,0-New England (NECTA) or not reported
TWIN VALLEY SD,114068103,4224000,Berks County,42011,41-Rural: Fringe,1-Metropolitan Area
TYRONE AREA SD,108078003,4224030,Blair County,42013,31-Town: Fringe,1-Metropolitan Area
UNION AREA SD,104377003,4224060,Lawrence County,42073,31-Town: Fringe,2-Micropolitan Area
UNION CITY AREA SD,105259103,4224090,Erie County,42049,32-Town: Distant,1-Metropolitan Area
UNION SD,106169003,4224120,Clarion County,42031,42-Rural: Distant,0-New England (NECTA) or not reported
UNIONTOWN AREA SD,101268003,4224150,Fayette County,42051,23-Suburb: Small,1-Metropolitan Area
UNIONVILLE-CHADDS FORD SD,124158503,4224210,Chester County,42029,21-Suburb: Large,1-Metropolitan Area
UNITED SD,128328003,4224240,Indiana County,42063,42-Rural: Distant,2-Micropolitan Area
UNIVERSAL ALCORN CS,126512674,4200872,Philadelphia County,42101,11-City: Large,1-Metropolitan Area
UNIVERSAL AUDENRIED CHARTER SCHOOL,126519434,4200856,Philadelphia County,42101,11-City: Large,1-Metropolitan Area
UNIVERSAL BLUFORD CHARTER SCHOOL,168513758,4200834,Philadelphia County,42101,11-City: Large,1-Metropolitan Area
UNIVERSAL CREIGHTON CHARTER SCHOOL,126517442,4200866,Philadelphia County,42101,11-City: Large,1-Metropolitan Area
UNIVERSAL DAROFF CHARTER SCHOOL,103519376,4200827,Philadelphia County,42101,11-City: Large,1-Metropolitan Area
UNIVERSAL INSTITUTE CS,126513210,4200055,Philadelphia County,42101,11-City: Large,1-Metropolitan Area
UNIVERSAL VARE CHARTER SCHOOL,126513415,4200855,Philadelphia County,42101,11-City: Large,1-Metropolitan Area
UPPER ADAMS SD,112018523,4224300,Adams County,42001,41-Rural: Fringe,1-Metropolitan Area
UPPER BUCKS COUNTY TECHNICAL SCHOOL,122099007,4280110,Bucks County,42017,41-Rural: Fringe,1-Metropolitan Area
UPPER DARBY SD,125239452,4224320,Delaware County,42045,21-Suburb: Large,1-Metropolitan Area
UPPER DAUPHIN AREA SD,115229003,4224360,Dauphin County,42043,41-Rural: Fringe,1-Metropolitan Area
UPPER DUBLIN SD,123468303,4224390,Montgomery County,42091,21-Suburb: Large,1-Metropolitan Area
UPPER MERION AREA SD,123468402,4224480,Montgomery County,42091,21-Suburb: Large,1-Metropolitan Area
UPPER MORELAND TOWNSHIP SD,123468503,4224510,Montgomery County,42091,21-Suburb: Large,1-Metropolitan Area
UPPER PERKIOMEN SD,123468603,4224540,Montgomery County,42091,21-Suburb: Large,1-Metropolitan Area
UPPER SAINT CLAIR SD,103029203,4224570,Allegheny County,42003,21-Suburb: Large,1-Metropolitan Area
URBAN ACADEMY OF GREATER PITTSBURGH CS,103023090,4200019,Allegheny County,42003,11-City: Large,1-Metropolitan Area
URBAN PATHWAYS 6-12 CS,102023080,4200018,Allegheny County,42003,11-City: Large,1-Metropolitan Area
URBAN PATHWAYS K-5 COLLEGE CHARTER SCHOOL,103028246,4200847,Allegheny County,42003,11-City: Large,1-Metropolitan Area
VALLEY GROVE SD,106618603,4224630,Venango County,42121,41-Rural: Fringe,2-Micropolitan Area
VALLEY VIEW SD,119358403,4224650,Lackawanna County,42069,41-Rural: Fringe,1-Metropolitan Area
VENANGO TECHNOLOGY CENTER,106619107,4280430,Venango County,42121,33-Town: Remote,2-Micropolitan Area
VIDA CHARTER SCHOOL,141019741,4200814,Adams County,42001,23-Suburb: Small,1-Metropolitan Area
VISION ACADEMY CHARTER SCHOOL,125233517,4200885,Delaware County,42045,21-Suburb: Large,1-Metropolitan Area
WALLENPAUPACK AREA SD,119648303,4224750,Pike County,42103,42-Rural: Distant,1-Metropolitan Area
WALLINGFORD-SWARTHMORE SD,125239603,4224790,Delaware County,42045,21-Suburb: Large,1-Metropolitan Area
WARREN COUNTY AVTS,105628007,4280440,Warren County,42123,41-Rural: Fringe,2-Micropolitan Area
WARREN COUNTY SD,105628302,4224820,Warren County,42123,41-Rural: Fringe,2-Micropolitan Area
WARRIOR RUN SD,116498003,4224870,Northumberland County,42097,42-Rural: Distant,2-Micropolitan Area
WARWICK SD,113369003,4224960,Lancaster County,42071,21-Suburb: Large,1-Metropolitan Area
WASHINGTON SD,101638803,4224990,Washington County,42125,21-Suburb: Large,1-Metropolitan Area
WATTSBURG AREA SD,105259703,4225080,Erie County,42049,41-Rural: Fringe,1-Metropolitan Area
WAYNE HIGHLANDS SD,119648703,4224970,Wayne County,42127,41-Rural: Fringe,0-New England (NECTA) or not reported
WAYNESBORO AREA SD,112289003,4225110,Franklin County,42055,31-Town: Fringe,1-Metropolitan Area
WEATHERLY AREA SD,121139004,4225140,Carbon County,42025,41-Rural: Fringe,1-Metropolitan Area
WELLSBORO AREA SD,117598503,4225170,Tioga County,42117,43-Rural: Remote,0-New England (NECTA) or not reported
WEST ALLEGHENY SD,103029403,4225200,Allegheny County,42003,21-Suburb: Large,1-Metropolitan Area
WEST BRANCH AREA SD,110179003,4225230,Clearfield County,42033,41-Rural: Fringe,2-Micropolitan Area
WEST CHESTER AREA SD,124159002,4225290,Chester County,42029,21-Suburb: Large,1-Metropolitan Area
WEST GREENE SD,101308503,4225440,Greene County,42059,42-Rural: Distant,0-New England (NECTA) or not reported
WEST JEFFERSON HILLS SD,103029553,4225590,Allegheny County,42003,21-Suburb: Large,1-Metropolitan Area
WEST MIDDLESEX AREA SD,104437503,4225650,Mercer County,42085,21-Suburb: Large,1-Metropolitan Area
WEST MIFFLIN AREA SD,103029603,4225680,Allegheny County,42003,21-Suburb: Large,1-Metropolitan Area
WEST OAK LANE CS,126513020,4200041,Philadelphia County,42101,11-City: Large,1-Metropolitan Area
WEST PERRY SD,115508003,4225740,Perry County,42099,42-Rural: Distant,1-Metropolitan Area
WEST PHILA. ACHIEVEMENT CES,126510006,4200105,Philadelphia County,42101,11-City: Large,1-Metropolitan Area
WEST SHORE SD,115219002,4225830,York County,42133,21-Suburb: Large,1-Metropolitan Area
WEST SIDE CTC,118408707,4225870,Luzerne County,42079,21-Suburb: Large,1-Metropolitan Area
WEST YORK AREA SD,112678503,4225980,York County,42133,22-Suburb: Mid-size,1-Metropolitan Area
WESTERN AREA CTC,101638907,4280460,Washington County,42125,41-Rural: Fringe,1-Metropolitan Area
WESTERN BEAVER COUNTY SD,127049303,4226040,Beaver County,42007,41-Rural: Fringe,1-Metropolitan Area
WESTERN MONTGOMERY CTC,123469007,4280360,Montgomery County,42091,41-Rural: Fringe,1-Metropolitan Area
WESTERN WAYNE SD,119648903,4226070,Wayne County,42127,42-Rural: Distant,0-New England (NECTA) or not reported
WESTINGHOUSE ARTS ACADEMY CS,103028425,4200896,Allegheny County,42003,21-Suburb: Large,1-Metropolitan Area
WESTMONT HILLTOP SD,108118503,4226130,Cambria County,42021,23-Suburb: Small,1-Metropolitan Area
WESTMORELAND IU 7,107000000,4289170,Westmoreland County,42129,41-Rural: Fringe,1-Metropolitan Area
WHITEHALL-COPLAY SD,121397803,4226250,Lehigh County,42077,21-Suburb: Large,1-Metropolitan Area
WIDENER PARTNERSHIP CS,125230002,4200753,Delaware County,42045,21-Suburb: Large,1-Metropolitan Area
WILKES-BARRE AREA CTC,118408607,4280300,Luzerne County,42079,21-Suburb: Large,1-Metropolitan Area
WILKES-BARRE AREA SD,118408852,4226300,Luzerne County,42079,13-City: Small,1-Metropolitan Area
WILKINSBURG BOROUGH SD,103029803,4226370,Allegheny County,42003,21-Suburb: Large,1-Metropolitan Area
WILLIAM PENN SD,125239652,4226390,Delaware County,42045,21-Suburb: Large,1-Metropolitan Area
WILLIAMS VALLEY SD,129548803,4226400,Dauphin County,42043,41-Rural: Fringe,1-Metropolitan Area
WILLIAMSBURG COMMUNITY SD,108079004,4226430,Blair County,42013,42-Rural: Distant,1-Metropolitan Area
WILLIAMSPORT AREA SD,117417202,4226460,Lycoming County,42081,13-City: Small,1-Metropolitan Area
WILMINGTON AREA SD,104378003,4226520,Lawrence County,42073,31-Town: Fringe,2-Micropolitan Area
WILSON  SD,114069103,4226580,Berks County,42011,21-Suburb: Large,1-Metropolitan Area
WILSON AREA SD,120488603,4226550,Northampton County,42095,21-Suburb: Large,1-Metropolitan Area
WINDBER AREA SD,108569103,4226610,Somerset County,42111,23-Suburb: Small,2-Micropolitan Area
WISSAHICKON CS,126510007,4200106,Philadelphia County,42101,11-City: Large,1-Metropolitan Area
WISSAHICKON SD,123469303,4202400,Montgomery County,42091,21-Suburb: Large,1-Metropolitan Area
WOODLAND HILLS SD,103029902,4216500,Allegheny County,42003,21-Suburb: Large,1-Metropolitan Area
WYALUSING AREA SD,117089003,4226700,Bradford County,42015,42-Rural: Distant,2-Micropolitan Area
WYOMING AREA SD,118409203,4226730,Luzerne County,42079,21-Suburb: Large,1-Metropolitan Area
WYOMING VALLEY WEST SD,118409302,4225950,Luzerne County,42079,21-Suburb: Large,1-Metropolitan Area
WYOMISSING AREA SD,114069353,4226760,Berks County,42011,21-Suburb: Large,1-Metropolitan Area
YORK ACADEMY REGIONAL CHARTER SCHOOL,189670676,4200846,York County,42133,13-City: Small,1-Metropolitan Area
YORK CITY SD,112679002,4226820,York County,42133,13-City: Small,1-Metropolitan Area
YORK CO SCHOOL OF TECHNOLOGY,112679107,4226810,York County,42133,22-Suburb: Mid-size,1-Metropolitan Area
YORK SUBURBAN SD,112679403,4226850,York County,42133,22-Suburb: Mid-size,1-Metropolitan Area
YOUGH SD,107658903,4221150,Westmoreland County,42129,41-Rural: Fringe,1-Metropolitan Area
YOUNG SCHOLARS CS,126513250,4200058,Philadelphia County,42101,11-City: Large,1-Metropolitan Area
YOUNG SCHOLARS OF CENTRAL PA CS,110140001,4200137,Centre County,42027,23-Suburb: Small,1-Metropolitan Area
YOUNG SCHOLARS OF MCKEESPORT CHARTER SCHOOL,103020368,4200884,Allegheny County,42003,21-Suburb: Large,1-Metropolitan Area
YOUNG SCHOLARS OF WESTERN PENNSYLVANIA CS,103025206,4200845,Allegheny County,42003,21-Suburb: Large,1-Metropolitan Area
YOUTH BUILD PHILA CS,126512870,4200016,Philadelphia County,42101,11-City: Large,1-Metropolitan Area
YOUTH FORESTRY CAMP #2,118409998,4209934,Carbon County,42025,42-Rural: Distant,1-Metropolitan Area
YOUTH FORESTRY CAMP #3,111319998,4209931,Huntingdon County,42061,42-Rural: Distant,2-Micropolitan Area
